Tier,ZINC ID,Ligand ID,chunk,MW (Da),LogP,TPSA,BBB Penetration,QED,LD50 (mg/kg),ProTox Risk Band,SMILES
1A,ZINC000543478179_1,lig_00001125,28,363.433,2.5492,61.88,0.963208663,0.844909716,10000,GREEN (advance),CCN1CCN(C(=O)N[C@H](C)c2ccc(OCC3CC3)c(F)c2)CC1=O
1A,ZINC000795594282_1,lig_00003218,82,391.261,3.4017,63.6,0.794611621,0.735309365,5470,GREEN (advance),C[C@@](O)(CC(=O)OCC(=O)Cc1cccc(Br)c1)c1ccccc1
1A,ZINC000329563636_1,lig_00001277,28,357.454,2.6967,61.88,0.983406341,0.885176484,5000,GREEN (advance),CCN1CCN(C(=O)N[C@H]2CC3(CCCC3)Oc3ccccc32)CC1=O
1A,ZINC001185146364_1,lig_00045671,28,367.873,3.2362,64.63,0.766444087,0.783795976,5000,GREEN (advance),CCOC(=O)C(C)(C)NC(=O)CC1(c2cccc(Cl)c2)CCOCC1
1A,ZINC000815499514_1,lig_00002157,82,360.784,3.4853,63.6,0.987731469,0.816371814,5000,GREEN (advance),C[C@@](O)(C(=O)OCC(=O)C1CCC(F)(F)CC1)c1ccc(Cl)cc1
1A,ZINC001228612316_1,lig_00098123,120,268.316,2.7106,65.21,0.954687214,0.906304794,4000,GREEN (advance),NC(=O)c1cccc(O[C@@H](c2cccnc2)C2CC2)c1
1A,ZINC000986844564_1,lig_00039943,109,343.427,2.59722,67.48,0.758082092,0.927738867,3780,GREEN (advance),Cc1cocc1C(=O)N[C@@H](C)C1CCN(C(=O)c2ccn(C)c2)CC1
1A,ZINC001008808068_1,lig_00033575,109,354.275,2.36232,62.55,0.94538002,0.848025923,3780,GREEN (advance),Cc1cocc1C(=O)N1C[C@@H](C(F)(F)F)[C@H](NC(=O)C(C)(F)F)C1
1A,ZINC001192508341_1,lig_00021163,55,326.343,2.8136,68.29,0.995334554,0.864037423,3500,GREEN (advance),COC(=O)c1ncccc1C(=O)NCC1(C)CCC(F)(F)CC1
1A,ZINC000331864530_1,lig_00002457,28,385.508,2.5759,69.72,0.764364219,0.846923926,3300,GREEN (advance),CCN1CCN(C(=O)c2ccc(CNC(=O)C3CCCC3)cc2)C(C)(C)C1=O
1A,ZINC001436004151_1,lig_00000264,28,408.296,2.3442,69.72,0.960896575,0.835061236,3000,GREEN (advance),CCN1CCN(C(=O)C[C@H]2C(=O)Nc3c(Br)cccc32)C(C)(C)C1=O
1A,ZINC001271344958_1,lig_00016714,28,398.29,2.1941,69.72,0.758831739,0.845662269,3000,GREEN (advance),CCNC(=O)CN1CC[C@]2(CCN(C(=O)c3cccc(Cl)c3Cl)C2)C1=O
1A,ZINC000934141726_1,lig_00059723,82,319.401,2.8284,66.84,0.666942269,0.87005295,2973,GREEN (advance),C[C@H](C(=O)N1CCC[C@H]1C(=O)OC(C)(C)C)c1cccc(O)c1
1A,ZINC001519543287_1,lig_00008955,28,382.512,2.54022,66.29,0.903624725,0.860836852,2800,GREEN (advance),CCN1C[C@@H](c2nnc(N3CCC(Nc4cccc(C)c4)CC3)n2C)CC1=O
1A,ZINC001650472702_1,lig_00012723,28,327.384,2.1069,63.57,0.850537789,0.855619894,2500,GREEN (advance),CCN1C[C@H](OC(=O)c2ccc(Cn3cccc3)cc2)CNC1=O
1A,ZINC001746475657_1,lig_00013385,28,355.486,2.87252,63.05,0.954619741,0.865379615,2500,GREEN (advance),CCNC(=O)C(C)(C)Cn1c(C)nnc1N(C)[C@@H]1CCc2ccccc21
1A,ZINC001767188896_1,lig_00013758,28,367.497,2.49652,63.05,0.974945641,0.852052786,2500,GREEN (advance),CCNC(=O)C1(Cn2c(C)nnc2N(C)C2Cc3ccccc3C2)CCC1
1A,ZINC000546081951_1,lig_00033589,28,340.489,2.4203,66.48,0.826537442,0.864684064,2500,GREEN (advance),CCNS(=O)(=O)c1ccc(CC(=O)N(C)[C@@H](C)C(C)(C)C)cc1
1A,ZINC000046007741_1,lig_00023477,28,342.439,3.39564,60.33,0.864191294,0.818670416,2500,GREEN (advance),CCNC(=O)[C@H](C)OC(=O)c1cc(C)n([C@@H](C)c2ccccc2)c1C
1A,ZINC000899211605_1,lig_00008668,82,338.407,2.7476,62.55,0.935859621,0.91572173,2500,GREEN (advance),C[C@@]1(C(=O)N2CCc3oc(-c4ccccc4)cc3C2)CCNC(=O)C1
1A,ZINC000826139982_1,lig_00087315,120,318.32,2.2459,63.4,0.989984548,0.869517671,2450,GREEN (advance),NC(=O)[C@@H]1CCN(C(=O)c2cccc(SC(F)(F)F)c2)C1
1A,ZINC001018774277_1,lig_00019236,109,327.384,2.21284,69.55,0.589118892,0.919265957,2450,GREEN (advance),Cc1coc(C)c1C(=O)N1CCC2(CN(C(=O)c3ccc[nH]3)C2)C1
1A,ZINC000486906883_1,lig_00005501,28,400.397,2.5755,67.87,0.947946084,0.825135137,2100,GREEN (advance),CCN1C[C@@H](C(=O)NC2(c3cccc(OC(F)(F)F)c3)CCOCC2)CC1=O
1A,ZINC000520206376_1,lig_00000700,1,391.318,2.2797,60.21,0.943450236,0.726163918,2000,GREEN (advance),Brc1cc2c(s1)CC[C@@H]2[NH2+]CCc1nnnn1-c1ccccc1
1A,ZINC000860103481_1,lig_00003675,28,337.803,2.1016,66.84,0.971960044,0.854403264,2000,GREEN (advance),CCN1CC[C@H](OC(=O)C2CC(O)(c3cccc(Cl)c3)C2)C1=O
1A,ZINC000603420840_1,lig_00000906,120,262.316,2.63448,61.6,0.973220909,0.923283663,2000,GREEN (advance),N#Cc1cc(NC23CC(c4ccccc4)(C2)C3)ncn1
1A,ZINC000881328033_1,lig_00004625,82,355.463,2.9108,60.17,0.89306736,0.764434882,2000,GREEN (advance),C[C@@](O)(Cc1cn(Cc2cccc3c2CCOC3)nn1)c1cccs1
1A,ZINC001016947868_1,lig_00007885,109,338.407,2.64712,62.55,0.945962226,0.932098658,1860,GREEN (advance),Cc1coc(C(=O)NC2CC(N(C)C(=O)[C@@H]3Cc4ccccc43)C2)c1
1A,ZINC001140416597_1,lig_00008996,55,395.87,2.1198,69.41,0.334149602,0.685146651,1700,GREEN (advance),COC(=O)c1cnc2c(c1)C[NH+](Cc1ccc(-c3ccc(Cl)nn3)cc1)CC2
1A,ZINC001155139806_1,lig_00002239,28,358.36,2.2081,60.85,0.936903346,0.901255404,1600,GREEN (advance),CCN1CCN(C(=O)[C@H](O)c2ccc(C(F)(F)F)cc2)C(C)(C)C1=O
1A,ZINC000435351830_1,lig_00047578,120,295.317,2.44038,65.78,0.961606896,0.941810623,1600,GREEN (advance),N#Cc1cccc(C2(C(=O)NCc3ccc(F)cn3)CC2)c1
1A,ZINC000766940351_1,lig_00011712,120,311.307,2.93818,65.78,0.982769465,0.933072462,1600,GREEN (advance),N#Cc1ccc(CNC(=O)C2CCC(C(F)(F)F)CC2)nc1
1A,ZINC000781062110_1,lig_00012058,120,291.354,2.30088,65.78,0.900453591,0.93964868,1600,GREEN (advance),N#Cc1ccc(CNC(=O)Cc2ccc3c(c2)CCC3)nc1
1A,ZINC000781056905_1,lig_00012060,120,305.381,2.69098,65.78,0.896039057,0.944158507,1600,GREEN (advance),N#Cc1ccc(CNC(=O)Cc2ccc3c(c2)CCCC3)nc1
1A,ZINC000823826077_1,lig_00001925,1,384.281,2.473,69.38,0.835172784,0.709106894,1500,GREEN (advance),Brc1ccc([C@@H]([NH2+]Cc2ccc(-c3nn[n-]n3)cc2)C2CC2)cc1
1A,ZINC001602681992_1,lig_00003097,1,384.281,2.4011,69.38,0.891931736,0.733658797,1500,GREEN (advance),Brc1cccc(C2([NH2+]Cc3cccc(-c4nn[n-]n4)c3)CCC2)c1
1A,ZINC001588320882_1,lig_00000869,1,398.308,2.4436,69.38,0.857646942,0.692739598,1500,GREEN (advance),Brc1ccc(-c2nn[n-]n2)cc1C[NH2+]CC1(c2ccccc2)CCC1
1A,ZINC000823827184_1,lig_00001995,1,384.281,2.473,69.38,0.868739641,0.709106894,1500,GREEN (advance),Brc1ccc([C@H]([NH2+]Cc2cccc(-c3nn[n-]n3)c2)C2CC2)cc1
1A,ZINC001609018251_1,lig_00003098,1,384.281,2.4011,69.38,0.924133515,0.733658797,1500,GREEN (advance),Brc1cccc(C2([NH2+]Cc3ccccc3-c3nn[n-]n3)CCC2)c1
1A,ZINC001609018178_1,lig_00003158,1,384.281,2.2679,69.38,0.922601259,0.732919658,1500,GREEN (advance),Brc1cccc(C2CC([NH2+]Cc3cccc(-c4nn[n-]n4)c3)C2)c1
1A,ZINC000450815689_1,lig_00000157,28,340.423,2.5572,60.85,0.819320452,0.930398802,1500,GREEN (advance),CCN1CCN(C(=O)CCc2ccc3ccccc3c2O)[C@@H](C)C1=O
1A,ZINC000544534662_1,lig_00001894,28,359.47,3.2319,61.88,0.978346503,0.877881857,1500,GREEN (advance),CCN1CCN(C(=O)Nc2cccc(COC3CCCCC3)c2)CC1=O
1A,ZINC000524846760_1,lig_00005499,28,422.525,3.2559,67.87,0.456834167,0.743818455,1500,GREEN (advance),CCN1C[C@@H](C(=O)NC2(c3ccc(OCc4ccccc4)cc3)CCOCC2)CC1=O
1A,ZINC000097728464_1,lig_00005912,28,357.454,2.0485,69.72,0.883836555,0.847060555,1500,GREEN (advance),CCN1C[C@@H](C(=O)Nc2ccc(CCC(=O)N3CCCC3)cc2)CC1=O
1A,ZINC000436837591_1,lig_00002438,28,330.306,2.1038,60.85,0.951218081,0.903326467,1375,GREEN (advance),CCN1CCN(C(=O)c2ccc(C(F)(F)F)cc2O)[C@@H](C)C1=O
1A,ZINC000104021936_1,lig_00014199,28,332.4,2.0376,67.87,0.927729309,0.895840005,1250,GREEN (advance),CCNC(=O)CCC(=O)N1CCC[C@@H]1c1ccc2c(c1)OCCO2
1A,ZINC000650601229_1,lig_00082957,120,340.395,2.5254,63.4,0.99733789,0.856881193,1250,GREEN (advance),NC(=O)CSc1ccccc1C(=O)N1CCC2(CC1)CC2(F)F
1A,ZINC000618182290_1,lig_00083029,120,346.496,3.3064,63.4,0.960134161,0.832103261,1250,GREEN (advance),NC(=O)CSc1ccccc1C(=O)N1CC[C@@H](C2CCCCC2)C1
1A,ZINC000652840969_1,lig_00010935,28,354.454,2.01624,67.23,0.807483673,0.862911394,1228,GREEN (advance),CCN1C[C@H](CNC(=O)Cc2ccc(-n3nc(C)cc3C)cc2)CC1=O
1A,ZINC001433370437_1,lig_00013857,28,339.443,2.41312,63.05,0.980081451,0.9085715,1200,GREEN (advance),CCNC(=O)C1(Cn2c(C)nnc2N2Cc3ccccc3C2)CCC1
1A,ZINC000360351341_1,lig_00065631,55,297.786,2.2277,68.45,0.984827852,0.925106137,1190,GREEN (advance),COC1CCC(N(C)c2ncc(C(N)=O)cc2Cl)CC1
1A,ZINC000652835608_1,lig_00007494,28,334.391,2.0192,66.48,0.97742908,0.775937504,1160,GREEN (advance),CCN1C[C@@H](CNC(=O)[C@@H](C)CC(=O)c2ccccc2F)CC1=O
1A,ZINC000604028794_1,lig_00014169,28,370.371,2.4415,66.48,0.983264732,0.782512398,1160,GREEN (advance),CCNC(=O)CCC(=O)N1CCC(C(=O)c2c(F)cc(F)cc2F)CC1
1A,ZINC000869145251_1,lig_00010885,28,337.423,2.251,62.3,0.98057605,0.910142416,1011,GREEN (advance),CCN1C[C@H](CNC(=O)C2(c3ccnc4ccccc34)CC2)CC1=O
1A,ZINC000477439824_1,lig_00000995,1,361.219,2.8448,68.67,0.926784611,0.758901246,1000,GREEN (advance),Brc1ccc(-c2nnc(C[NH2+]C3(c4ccccc4)CC3)o2)o1
1A,ZINC001296809397_1,lig_00000095,28,364.873,2.4069,60.85,0.9372262,0.895485472,1000,GREEN (advance),CCN1CCN(C(=O)C2CC(O)(c3cccc(Cl)c3)C2)C(C)(C)C1=O
1A,ZINC000635821547_1,lig_00000099,28,367.396,2.1528,69.72,0.93217833,0.867023681,1000,GREEN (advance),CCN1CCN(C(=O)CCC(=O)Nc2c(F)cccc2F)C(C)(C)C1=O
1A,ZINC000544659246_1,lig_00000320,28,359.47,2.3807,61.88,0.979659176,0.877986423,1000,GREEN (advance),CCN1CCN(C(=O)NCC2(c3cccc(OC)c3)CCCC2)CC1=O
1A,ZINC000408323117_1,lig_00002248,28,330.428,2.2814,60.85,0.85186882,0.90484712,1000,GREEN (advance),CCN1CCN(C(=O)[C@H]2CCCc3c(O)cccc32)C(C)(C)C1=O
1A,ZINC000626972039_1,lig_00003027,28,300.358,2.02072,62.55,0.894946468,0.939368158,1000,GREEN (advance),CCN1CC[C@@H](NC(=O)Cc2coc3ccc(C)cc23)C1=O
1A,ZINC000130611174_1,lig_00005884,28,343.427,2.03792,69.72,0.89343313,0.909412151,1000,GREEN (advance),CCN1C[C@@H](C(=O)Nc2ccc(C(=O)N3CCCC3)cc2C)CC1=O
1A,ZINC000452938250_1,lig_00008143,28,344.455,2.72112,66.48,0.89621408,0.773543467,1000,GREEN (advance),CCN1C[C@@H](NC(=O)CC(C)(C)CC(=O)c2ccc(C)cc2)CC1=O
1A,ZINC000571139482_1,lig_00008309,28,357.454,2.5048,61.88,0.974302018,0.900588932,1000,GREEN (advance),CCN1C[C@@H](NC(=O)N2CCC(=Cc3cccc(OC)c3)CC2)CC1=O
1A,ZINC001344868836_1,lig_00008931,28,366.845,2.3451,67.87,0.917346311,0.830431747,1000,GREEN (advance),CCN1C[C@@H](OC(=O)C2(c3cccc(Cl)c3)CCOCC2)CNC1=O
1A,ZINC000072418973_1,lig_00012806,28,364.873,2.8392,60.85,0.759640384,0.896663255,1000,GREEN (advance),CCN1C[C@]2(CCCN(C(=O)Cc3ccc(O)c(Cl)c3)C2)CCC1=O
1A,ZINC001515952528_1,lig_00013472,28,341.459,2.83002,63.05,0.922358763,0.908225596,1000,GREEN (advance),CCNC(=O)C(C)(C)Cn1c(C)nnc1N1Cc2ccccc2[C@@H]1C
1A,ZINC001433370478_1,lig_00013395,28,329.448,2.82514,63.05,0.922100186,0.885005952,1000,GREEN (advance),CCNC(=O)C(C)(C)Cn1c(C)nnc1N(C)c1ccc(C)cc1
1A,ZINC001710309968_1,lig_00013474,28,381.524,2.9214,63.05,0.960596025,0.80098135,1000,GREEN (advance),CCNC(=O)C(C)(C)Cn1c(C2CC2)nnc1N(C)C1Cc2ccccc2C1
1A,ZINC001547745984_1,lig_00013500,28,381.524,3.4415,63.05,0.956608653,0.832517871,1000,GREEN (advance),CCNC(=O)C(C)(C)Cn1c(C2CC2)nnc1N1CCc2ccccc2[C@H]1C
1A,ZINC001296238822_1,lig_00013502,28,367.497,3.399,63.05,0.949666488,0.849909063,1000,GREEN (advance),CCNC(=O)C(C)(C)Cn1c(C2CC2)nnc1N1Cc2ccccc2[C@@H]1C
1A,ZINC001767184492_1,lig_00013588,28,381.524,3.4741,63.05,0.9568151,0.797589158,1000,GREEN (advance),CCNC(=O)C(C)(C)Cn1c(CC2CC2)nnc1N1Cc2ccccc2[C@@H]1C
1A,ZINC001313975373_1,lig_00013838,28,353.47,2.89554,63.05,0.978629839,0.897694527,1000,GREEN (advance),CCNC(=O)C1(Cn2c(C)nnc2N2CCc3cc(C)ccc32)CCC1
1A,ZINC000110621325_1,lig_00014145,28,302.374,2.8685,62.55,0.959213936,0.892168268,1000,GREEN (advance),CCNC(=O)CCC(=O)N(C)[C@H](C)c1cc2ccccc2o1
1A,ZINC000185819743_1,lig_00014375,28,314.385,2.3997,66.48,0.991047895,0.907281453,1000,GREEN (advance),CCNC(=O)CCCC(=O)N1C[C@H]2CCC(=O)c3cccc1c32
1A,ZINC001192359857_1,lig_00054398,28,333.428,2.9354,66.84,0.847064185,0.841449721,1000,GREEN (advance),CCOC(=O)C1(CC)CCN(C(=O)c2ccc([C@@H](C)O)cc2)CC1
1A,ZINC001183439764_1,lig_00015396,28,344.455,2.2963,66.48,0.828425682,0.825213102,1000,GREEN (advance),CCNC(=O)CN(C)C(=O)[C@H](C)c1ccc(C[C@@H]2CCCC2=O)cc1
1A,ZINC000330048860_1,lig_00047561,120,282.343,2.07528,69.96,0.931769085,0.918747317,1000,GREEN (advance),N#Cc1cccc(C2(C(=O)NC[C@H]3CCCC3=O)CC2)c1
1A,ZINC000560333501_1,lig_00048195,120,298.386,2.56628,62.12,0.962700152,0.928964883,1000,GREEN (advance),N#Cc1cccc(CC(=O)NC[C@@H]2CCOC3(CCC3)C2)c1
1A,ZINC000194851727_1,lig_00009958,120,280.327,2.88758,66.03,0.755445981,0.939693725,1000,GREEN (advance),N#Cc1ccc(CC(=O)N[C@@H]2CCCc3occc32)cc1
1A,ZINC000892686007_1,lig_00010869,120,298.386,2.56628,62.12,0.944239116,0.928964883,1000,GREEN (advance),N#Cc1ccc(CCNC(=O)[C@@H]2CCOC3(CCC3)C2)cc1
1A,ZINC000485614589_1,lig_00070152,82,358.482,2.8998,66.48,0.912085795,0.79531405,1000,GREEN (advance),C[C@H](C(=O)NC(C)(C)C)N(C)C(=O)CCC(=O)c1ccc2c(c1)CCC2
1A,ZINC001274662116_1,lig_00055533,82,370.474,2.6132,60.85,0.581321317,0.899964992,1000,GREEN (advance),C[C@H](C(=O)N1CC2(CCN2C(=O)Cc2ccsc2)C1)c1ccc(O)cc1
1A,ZINC000933401533_1,lig_00001174,82,393.413,3.2335,63.05,0.986369383,0.86758788,1000,GREEN (advance),C[C@@](NC(=O)N1CCn2c(CC3CC3)nnc2C1)(c1ccccc1)C(F)(F)F
1A,ZINC000965866347_1,lig_00007313,109,338.407,3.16032,62.55,0.949109459,0.931296607,1000,GREEN (advance),Cc1coc(C(=O)N2Cc3ccc(CNC(=O)C4CCC4)cc3C2)c1
1A,ZINC000270547363_1,lig_00009704,120,312.291,2.01658,64.33,0.98868103,0.908420753,990,GREEN (advance),N#Cc1ccc(CC(=O)N2CCC(O)(C(F)(F)F)CC2)cc1
1A,ZINC000870248439_1,lig_00094482,120,318.442,2.5349,63.4,0.89274472,0.91118777,955,GREEN (advance),NC(=O)c1ccc(C(=O)N2CCC3(CCSCC3)CC2)cc1
1A,ZINC000836058051_1,lig_00026390,109,327.38,2.90124,68.54,0.957197559,0.876843206,940,GREEN (advance),Cc1coc(C)c1C(=O)OC[C@@]1(c2ccccc2)CCC(=O)NC1
1A,ZINC000170871960_1,lig_00001461,1,379.278,2.4788,64.76,0.956485283,0.86714025,920,GREEN (advance),Brc1ccc(C2([NH2+]Cc3noc(C4CCOCC4)n3)CC2)cc1
1A,ZINC000896953839_1,lig_00001499,1,360.235,2.8394,68.85,0.839108276,0.76081872,920,GREEN (advance),Brc1ccc(C2(c3noc(CCc4[nH]cc[nH+]4)n3)CC2)cc1
1A,ZINC000652832380_1,lig_00007224,28,393.281,2.0344,66.48,0.964097738,0.832826927,920,GREEN (advance),CCN1C[C@@H](CNC(=O)C2(c3cccc(Br)c3)CC(=O)C2)CC1=O
1A,ZINC000347406171_1,lig_00019309,28,301.39,2.84452,68.02,0.941815913,0.890535284,920,GREEN (advance),CCNC(=O)Cc1nc([C@@H](c2ccccc2C)C(C)C)no1
1A,ZINC000350424698_1,lig_00019258,28,285.347,2.13652,68.02,0.985339355,0.91352797,920,GREEN (advance),CCNC(=O)Cc1nc(C2(c3cccc(C)c3)CC2)no1
1A,ZINC000680742694_1,lig_00015191,28,285.347,2.0207,68.02,0.993832707,0.912276574,920,GREEN (advance),CCNC(=O)CCc1nc(C2Cc3ccccc3C2)no1
1A,ZINC000277843696_1,lig_00014570,28,313.401,2.6079,68.02,0.988329971,0.852929376,920,GREEN (advance),CCNC(=O)CCCc1nc(Cc2ccc3c(c2)CCC3)no1
1A,ZINC000680746335_1,lig_00015260,28,285.347,2.2164,68.02,0.991660285,0.914268612,920,GREEN (advance),CCNC(=O)CCc1nc([C@H]2CCc3ccccc32)no1
1A,ZINC000680769483_1,lig_00015261,28,299.374,2.4108,68.02,0.992849684,0.92030348,920,GREEN (advance),CCNC(=O)CCc1nc([C@H]2CCc3ccccc3C2)no1
1A,ZINC000640949294_1,lig_00000569,1,373.278,2.0779,60.21,0.781469512,0.764901952,900,GREEN (advance),Brc1cc(Cn2cc(C3CC[NH2+]CC3)nn2)c2ncccc2c1
1A,ZINC001529991046_1,lig_00000098,28,359.47,2.1133,69.72,0.753084266,0.845701505,880,GREEN (advance),CCN1CCN(C(=O)CCC(=O)N[C@@H](C)c2ccccc2)C(C)(C)C1=O
1A,ZINC000173283029_1,lig_00003111,1,375.246,3.2349,68.67,0.911479914,0.743573043,850,GREEN (advance),Brc1cccc(C2([NH2+]Cc3nnc(-c4ccco4)o3)CCC2)c1
1A,ZINC000451465529_1,lig_00001004,1,353.24,2.8783,68.67,0.772422957,0.917811432,850,GREEN (advance),Brc1ccc(-c2nnc(C[NH2+][C@@H]3CCC34CCCC4)o2)o1
1A,ZINC001637639030_1,lig_00003043,28,385.386,2.3899,61.88,0.941259384,0.846765321,800,GREEN (advance),CCN1CC[C@@H](NC(=O)N2CC(Cc3cccc(OC(F)(F)F)c3)C2)C1=O
1A,ZINC000894678555_1,lig_00003048,28,377.872,2.5651,69.72,0.951808345,0.819666651,800,GREEN (advance),CCN1CC[C@@H](NC(=O)N2CCC(C(=O)c3ccccc3Cl)CC2)C1=O
1A,ZINC001228784887_1,lig_00012045,28,417.403,3.1762,61.88,0.979431474,0.765948166,800,GREEN (advance),CCN1C[C@H](NC(=O)N2CCC(F)(c3ccccc3OC(F)(F)F)CC2)CC1=O
1A,ZINC000455401328_1,lig_00012046,28,359.47,2.0405,61.88,0.979094791,0.845473867,800,GREEN (advance),CCN1C[C@H](NC(=O)N2CCC(OCCc3ccccc3)CC2)CC1=O
1A,ZINC000554551801_1,lig_00048152,120,284.359,2.00678,64.33,0.879430258,0.903166722,800,GREEN (advance),N#Cc1cccc(CC(=O)N2CC[C@@H](O)C23CCCC3)c1
1A,ZINC000554489900_1,lig_00010277,120,298.386,2.39688,64.33,0.84172523,0.931621261,800,GREEN (advance),N#Cc1ccc(CCC(=O)N2CC[C@H](O)C23CCCC3)cc1
1A,ZINC001182785852_1,lig_00053795,82,300.402,2.67128,64.33,0.716402543,0.933085432,800,GREEN (advance),C[C@H](C(=O)N1CC(C)(C)C[C@]1(C)CO)c1ccc(C#N)cc1
1A,ZINC000583127796_1,lig_00094559,120,304.415,2.1448,63.4,0.910359609,0.910277165,780,GREEN (advance),NC(=O)c1ccc(C(=O)N2CCC[C@@]3(CCSC3)C2)cc1
1A,ZINC000849704238_1,lig_00003236,28,291.347,2.2932,66.84,0.880246317,0.864337323,750,GREEN (advance),CCN1CC[C@@H](OC(=O)c2ccc(C(C)C)cc2O)C1=O
1A,ZINC000584511510_1,lig_00008161,28,300.358,2.1024,62.55,0.975506818,0.919544675,750,GREEN (advance),CCN1C[C@@H](NC(=O)CCc2cc3ccccc3o2)CC1=O
1A,ZINC001248718246_1,lig_00004765,1,350.24,2.1151,68.42,0.69911508,0.900913855,722,GREEN (advance),Brc1cncc(-c2noc(C3CCC4(CC3)C[NH2+]C4)n2)c1
1A,ZINC000868134797_1,lig_00003023,28,323.396,2.0034,62.3,0.96265763,0.935983694,660,GREEN (advance),CCN1CC[C@@H](NC(=O)C2(c3ccnc4ccccc34)CC2)C1=O
1A,ZINC000868717016_1,lig_00008136,28,323.396,2.0034,62.3,0.973716831,0.935983694,660,GREEN (advance),CCN1C[C@@H](NC(=O)C2(c3ccnc4ccccc34)CC2)CC1=O
1A,ZINC001842805813_1,lig_00055190,82,370.371,2.6515,60.85,0.853559828,0.889944193,660,GREEN (advance),C[C@H](C(=O)N1CC2(CCCN2C(=O)CC(F)(F)F)C1)c1ccc(O)cc1
1A,ZINC000632924016_1,lig_00003495,28,323.396,2.0034,62.3,0.952592921,0.935983694,650,GREEN (advance),CCN1CC[C@H](NC(=O)C2(c3nccc4ccccc34)CC2)C1=O
1A,ZINC000633574115_1,lig_00010886,28,337.423,2.251,62.3,0.974703884,0.910142416,650,GREEN (advance),CCN1C[C@H](CNC(=O)C2(c3nccc4ccccc34)CC2)CC1=O
1A,ZINC000633318908_1,lig_00008137,28,323.396,2.0034,62.3,0.96676172,0.935983694,650,GREEN (advance),CCN1C[C@@H](NC(=O)C2(c3nccc4ccccc34)CC2)CC1=O
1A,ZINC000374286108_1,lig_00006811,82,335.835,2.3573,62.3,0.924152029,0.902076965,650,GREEN (advance),C[C@@]1(C(=O)N2CCC(c3ncccc3Cl)CC2)CCC(=O)NC1
1A,ZINC000527903467_1,lig_00039858,109,286.331,2.21982,62.55,0.770334089,0.937055746,620,GREEN (advance),Cc1cocc1C(=O)NCc1cccc(C(=O)N(C)C)c1
1A,ZINC001217741407_1,lig_00003086,1,407.332,2.5638,64.76,0.804513597,0.846432002,600,GREEN (advance),Brc1cccc(C2(Cc3nnc(C4CCOCC4)o3)CC[NH2+]CC2)c1
1A,ZINC000661273949_1,lig_00012062,28,357.454,2.1766,61.88,0.984787321,0.88242756,600,GREEN (advance),CCN1C[C@H](NC(=O)N2CCC3(CCc4ccccc4O3)CC2)CC1=O
1A,ZINC001016817530_1,lig_00036165,109,344.386,3.06854,62.55,0.950219548,0.927091442,600,GREEN (advance),Cc1cocc1C(=O)NC1CC(N(C)C(=O)c2ccc(F)cc2C)C1
1A,ZINC000377789340_1,lig_00009133,28,323.396,2.2332,62.3,0.827494764,0.917673306,590,GREEN (advance),CCN1C[C@H](C(=O)NCc2ccc(-c3ccncc3)cc2)CC1=O
1A,ZINC000356232138_1,lig_00005976,120,324.302,2.83578,69.96,0.983242106,0.865910652,560,GREEN (advance),N#Cc1ccc(C(=O)CNC(=O)[C@@H]2CC[C@@H](C(F)(F)F)C2)cc1
1A,ZINC000356230410_1,lig_00005898,120,338.329,3.22588,69.96,0.980891192,0.857078254,560,GREEN (advance),N#Cc1ccc(C(=O)CNC(=O)C2CCC(C(F)(F)F)CC2)cc1
1A,ZINC000356177604_1,lig_00005950,120,296.37,2.82758,69.96,0.859308267,0.868515453,560,GREEN (advance),N#Cc1ccc(C(=O)CNC(=O)[C@@H]2CC23CCCCC3)cc1
1A,ZINC000626514229_1,lig_00070274,82,381.423,2.0793,69.72,0.938293934,0.868238501,525,GREEN (advance),C[C@H](C(=O)NC(C)(C)C)N(C)C(=O)[C@H]1CC(=O)N(c2ccc(F)c(F)c2)C1
1A,ZINC000533369446_1,lig_00003113,1,385.289,2.5676,60.21,0.936912429,0.734590984,500,GREEN (advance),Brc1cccc(C2([NH2+]Cc3nnnn3-c3ccccc3)CCC2)c1
1A,ZINC000519619338_1,lig_00003716,1,405.345,3.0192,60.21,0.865398133,0.710107006,500,GREEN (advance),Brc1ccccc1-n1cc(C[NH2+]C2(c3nccs3)CCCC2)nn1
1A,ZINC000580863573_1,lig_00003735,1,429.342,3.0098,69.44,0.630431223,0.627169828,500,GREEN (advance),Brc1ccccc1-n1cc(C[NH2+]Cc2ccc(OC3CCCC3)nc2)nn1
1A,ZINC001553587396_1,lig_00002540,28,357.454,2.1107,69.72,0.702872038,0.900706262,500,GREEN (advance),CCN1CCN(C(=O)c2ccc([C@H]3CCCC(=O)N3)cc2)C(C)(C)C1=O
1A,ZINC000664846513_1,lig_00003525,28,355.438,2.2572,61.88,0.98612442,0.885131809,500,GREEN (advance),CCN1CC[C@H](NC(=O)N2CCC3(C=Cc4ccccc4O3)CC2)C1=O
1A,ZINC000189775572_1,lig_00005305,28,365.861,2.2194,61.88,0.977974451,0.889503335,500,GREEN (advance),CCN1CN(C(=O)NCC2(c3cccc(Cl)c3)CCOCC2)CC1=O
1A,ZINC000565758585_1,lig_00012036,28,371.481,2.52854,69.72,0.967431343,0.827105894,500,GREEN (advance),CCN1C[C@H](NC(=O)N2CCC(C(=O)c3ccc(C)cc3C)CC2)CC1=O
1A,ZINC001767166858_1,lig_00013387,28,379.455,3.22442,63.05,0.896864665,0.802337736,500,GREEN (advance),CCNC(=O)C(C)(C)Cn1c(C)nnc1N(C)[C@H](C)c1ccc(F)c(F)c1
1A,ZINC001695917563_1,lig_00013786,28,391.466,3.36852,63.05,0.960365593,0.786115871,500,GREEN (advance),CCNC(=O)C1(Cn2c(C)nnc2N(C)[C@H](C)c2ccc(F)c(F)c2)CCC1
1A,ZINC000557141585_1,lig_00009826,120,305.381,2.73388,65.78,0.908104205,0.923383578,500,GREEN (advance),N#Cc1ccc(CC(=O)NCC2(c3ccccn3)CCC2)cc1
1A,ZINC001181803968_1,lig_00056076,120,291.354,2.68958,65.78,0.904363811,0.945161816,500,GREEN (advance),N#Cc1ccccc1CC(=O)N[C@@H]1CCCc2cccnc21
1A,ZINC001182341985_1,lig_00048299,120,305.381,3.07968,65.78,0.895394492,0.943682803,500,GREEN (advance),N#Cc1cccc(CCC(=O)N[C@@H]2CCCc3cccnc32)c1
1A,ZINC001180489420_1,lig_00001524,82,375.318,2.4654,66.84,0.983870459,0.766187943,500,GREEN (advance),C[C@@](O)(C(=O)N1CCC2(CC1)CC(=O)c1cc(F)ccc1O2)C(F)(F)F
1A,ZINC001588321543_1,lig_00000866,1,362.275,2.0445,69.38,0.810893965,0.90392828,496,GREEN (advance),Brc1ccc(-c2nn[n-]n2)cc1C[NH2+]C1CCC2(CC1)CC2
1A,ZINC001271456809_1,lig_00016712,28,398.29,2.1941,69.72,0.733672583,0.845662269,460,GREEN (advance),CCNC(=O)CN1CC[C@]2(CCN(C(=O)c3ccc(Cl)c(Cl)c3)C2)C1=O
1A,ZINC000278284893_1,lig_00009915,120,305.381,2.69098,65.78,0.897950089,0.944158507,450,GREEN (advance),N#Cc1ccc(CC(=O)NCc2ccc3c(n2)CCCC3)cc1
1A,ZINC001257366747_1,lig_00005254,1,415.315,2.0641,61.18,0.516030431,0.709030207,449,GREEN (advance),Brc1cnn(Cc2cccc(-c3nnc(C45CC[NH+](CC4)CC5)o3)c2)c1
1A,ZINC000836001802_1,lig_00018590,28,347.455,3.27332,64.63,0.889996004,0.768980959,435,GREEN (advance),CCNC(=O)C[C@H](C)OC(=O)C1(c2ccc(C)c(OC)c2)CCCC1
1A,ZINC000651088388_1,lig_00008186,28,325.412,2.13114,62.3,0.974423957,0.936556508,400,GREEN (advance),CCN1C[C@@H](NC(=O)Cc2c(C)nc3ccccc3c2C)CC1=O
1A,ZINC001296240089_1,lig_00013477,28,355.486,3.39412,63.05,0.951537693,0.826775652,397,GREEN (advance),CCNC(=O)C(C)(C)Cn1c(C2CC2)nnc1N(C)c1ccc(C)cc1
1A,ZINC000939173896_1,lig_00001885,109,341.411,2.39152,69.55,0.934984732,0.931832652,370,GREEN (advance),Cc1coc(C(=O)N2CC[C@@H](N(C)C(=O)c3cc4c([nH]3)CCC4)C2)c1
1A,ZINC000567302976_1,lig_00005879,28,314.385,2.4763,66.48,0.97001524,0.849112011,350,GREEN (advance),CCN1C[C@@H](C(=O)Nc2ccc(C(=O)C3CCC3)cc2)CC1=O
1A,ZINC000177977648_1,lig_00009568,28,300.358,2.0125,66.48,0.990794671,0.928320482,350,GREEN (advance),CCN1C[C@H](C(=O)Nc2ccc3c(c2)C(=O)CCC3)CC1=O
1A,ZINC000160978497_1,lig_00010466,120,326.44,3.48898,62.12,0.915720809,0.921045615,350,GREEN (advance),N#Cc1ccc(CCC(=O)N[C@@H]2CCOC3(CCCCC3)C2)cc1
1A,ZINC000652843266_1,lig_00010903,28,325.412,2.152,62.3,0.980393565,0.885053316,333,GREEN (advance),CCN1C[C@H](CNC(=O)CCc2ccc3ccccc3n2)CC1=O
1A,ZINC000533259551_1,lig_00047678,120,310.397,2.80778,62.12,0.931820309,0.933529675,326,GREEN (advance),N#Cc1cccc(C2(C(=O)N[C@H]3CCOC4(CCC4)C3)CC2)c1
1A,ZINC000340318430_1,lig_00009131,28,312.369,2.4312,62.55,0.929065359,0.922086868,316,GREEN (advance),CCN1C[C@H](C(=O)NCc2ccc(-c3ccccc3)o2)CC1=O
1B,ZINC000057024870_1,lig_00016056,28,379.888,2.1768,69.72,0.874037802,0.823107429,300,YELLOW (proceed with caution; monitoring/backup),CCNC(=O)CN(CC)C(=O)[C@@H]1CCCN(C(=O)c2ccc(Cl)cc2)C1
1B,ZINC000264720070_1,lig_00014261,28,359.47,2.056,69.72,0.946306968,0.810049755,300,YELLOW (proceed with caution; monitoring/backup),CCNC(=O)CCCC(=O)N(C)C1CCN(C(=O)c2ccccc2)CC1
1B,ZINC000782025922_1,lig_00012965,120,291.354,2.68958,65.78,0.907014358,0.945161816,300,YELLOW (proceed with caution; monitoring/backup),N#Cc1ccc(CNC(=O)[C@@H]2CCCc3ccccc32)nc1
1B,ZINC000292969927_1,lig_00072181,82,325.359,2.0937,62.3,0.984124768,0.921938045,300,YELLOW (proceed with caution; monitoring/backup),C[C@H](C(=O)NC1CCN(C(=O)c2ccncc2)CC1)C(C)(F)F
1B,ZINC000812670894_1,lig_00002463,82,358.413,3.0944,64.35,0.988788581,0.834472929,300,YELLOW (proceed with caution; monitoring/backup),C[C@@](O)(C(=O)OCc1nn(-c2ccc(F)cc2)c2c1CCC2)C1CCC1
1B,ZINC000452977015_1,lig_00011872,28,382.508,2.52626,67.23,0.792232072,0.800146226,275,YELLOW (proceed with caution; monitoring/backup),CCN1C[C@H](NC(=O)CCc2c(C)nn(Cc3ccc(C)cc3)c2C)CC1=O
1B,ZINC001588322160_1,lig_00003070,1,398.308,2.4436,69.38,0.833680356,0.692739598,270,YELLOW (proceed with caution; monitoring/backup),Brc1cccc(C2(C[NH2+]Cc3ccc(-c4nn[n-]n4)cc3)CCC2)c1
1B,ZINC001273398010_1,lig_00006463,82,365.38,2.3525,61.88,0.956128895,0.875226296,250,YELLOW (proceed with caution; monitoring/backup),C[C@@]1(C(=O)N2CC3(CCN3C(=O)Nc3cc(F)ccc3F)C2)CCCO1
1B,ZINC001275957994_1,lig_00006464,82,365.38,2.21,61.88,0.933851802,0.874176573,250,YELLOW (proceed with caution; monitoring/backup),C[C@@]1(C(=O)N2CC3(CCN3C(=O)Nc3cc(F)ccc3F)C2)CCOC1
1B,ZINC000236669732_1,lig_00002871,1,374.262,2.5104,60.46,0.794673264,0.746723535,240,YELLOW (proceed with caution; monitoring/backup),Brc1cccc(-c2ccc(C[NH2+]Cc3nnc4n3CCC4)o2)c1
1B,ZINC000063779174_1,lig_00005449,28,340.427,2.1373,69.3,0.845240939,0.9305566,200,YELLOW (proceed with caution; monitoring/backup),CCN1C[C@@H](C(=O)N2CCC(c3c[nH]c4ncccc34)CC2)CC1=O
1B,ZINC000629445700_1,lig_00005556,28,323.396,2.2332,62.3,0.927170765,0.917673306,200,YELLOW (proceed with caution; monitoring/backup),CCN1C[C@@H](C(=O)NCc2ccnc(-c3ccccc3)c2)CC1=O
1B,ZINC000652831648_1,lig_00007244,28,325.412,2.152,62.3,0.975502956,0.885053316,200,YELLOW (proceed with caution; monitoring/backup),CCN1C[C@@H](CNC(=O)CCc2cnc3ccccc3c2)CC1=O
1B,ZINC000121655081_1,lig_00013956,28,300.358,2.1308,62.55,0.953247535,0.940597982,200,YELLOW (proceed with caution; monitoring/backup),CCNC(=O)C1CN(C(=O)[C@@H](C)c2cc3ccccc3o2)C1
1B,ZINC000854756075_1,lig_00014177,28,339.439,2.8571,62.3,0.985305429,0.910985805,200,YELLOW (proceed with caution; monitoring/backup),CCNC(=O)CCC(=O)N1CCC(c2ccnc3ccccc23)CC1
1B,ZINC000165500068_1,lig_00016265,28,325.412,2.65522,62.3,0.898509157,0.887954327,200,YELLOW (proceed with caution; monitoring/backup),CCNC(=O)CN(CC)C(=O)c1cccc(-c2ccccn2)c1C
1B,ZINC000367967684_1,lig_00017794,120,323.371,3.22058,65.78,0.958748043,0.939259256,200,YELLOW (proceed with caution; monitoring/backup),N#Cc1ccc(F)c(CNC(=O)C2(c3cccnc3)CCCC2)c1
1B,ZINC000986767070_1,lig_00039941,109,343.427,2.59722,67.48,0.821868122,0.927738867,200,YELLOW (proceed with caution; monitoring/backup),Cc1cocc1C(=O)N[C@@H](C)C1CCN(C(=O)c2cccn2C)CC1
1B,ZINC000131644072_1,lig_00014188,28,334.391,2.1633,66.48,0.986479473,0.8109,193,YELLOW (proceed with caution; monitoring/backup),CCNC(=O)CCC(=O)N1CCC[C@@H](C(=O)c2ccc(F)cc2)C1
1B,ZINC001257379751_1,lig_00005255,1,429.342,2.6686,61.18,0.63074308,0.67779989,182,YELLOW (proceed with caution; monitoring/backup),Brc1cnn(Cc2cccc(-c3nnc(C4CC[NH+](C5CC5)CC4)o3)c2)c1
1B,ZINC000932374482_1,lig_00003631,1,386.273,3.1088,68.42,0.878196645,0.70704477,159,YELLOW (proceed with caution; monitoring/backup),Brc1ccccc1-c1nnc(C[NH2+][C@@H](c2ccccn2)C2CC2)o1
1B,ZINC001257372419_1,lig_00005265,1,415.315,2.136,61.18,0.510299134,0.709614437,105,YELLOW (proceed with caution; monitoring/backup),Brc1cnn(Cc2cccc(-c3nnc([C@H]4C[NH+]5CCC4CC5)o3)c2)c1
1C,ZINC001177687927_1,lig_00015395,28,358.463,2.6771,66.48,0.740768206,0.774028333,71,RED (do not advance without strong justification),CCNC(=O)CN(C)C(=O)[C@H](C)c1ccc(C(=O)c2cccs2)cc1
1C,ZINC000284841137_1,lig_00004971,1,386.273,3.1088,68.42,0.884121978,0.70704477,9,RED (do not advance without strong justification),Brc1cncc([C@H]([NH2+]Cc2nnc(-c3ccccc3)o2)C2CC2)c1
