ZINC_ID,Average_Similarity,HBA,HBD,LogP,MolWeight,Organ_toxicity_Cardiotoxicity_cardio,Organ_toxicity_Cardiotoxicity_cardio_Prob,Organ_toxicity_Nephrotoxicity_nephro,Organ_toxicity_Nephrotoxicity_nephro_Prob,Organ_toxicity_Neurotoxicity_neuro,Organ_toxicity_Neurotoxicity_neuro_Prob,Organ_toxicity_Respiratory_toxicity_respi,Organ_toxicity_Respiratory_toxicity_respi_Prob,Predicted_LD50,Predicted_Toxicity_Class,Prediction_Accuracy,Rotatable_Bonds,TPSA,Toxicity_end_points_BBB-barrier_bbb,Toxicity_end_points_BBB-barrier_bbb_Prob,Toxicity_end_points_Carcinogenicity_carcino,Toxicity_end_points_Carcinogenicity_carcino_Prob,Toxicity_end_points_Clinical_toxicity_clinical,Toxicity_end_points_Clinical_toxicity_clinical_Prob,Toxicity_end_points_Cytotoxicity_cyto,Toxicity_end_points_Cytotoxicity_cyto_Prob,Toxicity_end_points_Ecotoxicity_eco,Toxicity_end_points_Ecotoxicity_eco_Prob,Toxicity_end_points_Immunotoxicity_immuno,Toxicity_end_points_Immunotoxicity_immuno_Prob,Toxicity_end_points_Mutagenicity_mutagen,Toxicity_end_points_Mutagenicity_mutagen_Prob,Toxicity_end_points_Nutritional_toxicity_nutri,Toxicity_end_points_Nutritional_toxicity_nutri_Prob,aromatase,aromatase_Prob
ZINC000170871960_1,45.4,,,,379.27,0,0.75,0,0.59,1,0.73,1,0.86,920,4,54.26,5,,1,0.84,1,0.6,0,0.53,0,0.71,1,0.56,0,0.91,1,0.54,0,0.56,0,0.86
ZINC000173283029_1,40.74,,,,375.24,0,0.71,0,0.6,1,0.72,1,0.82,850,4,54.26,5,,1,0.85,1,0.56,0,0.6,0,0.72,1,0.59,0,0.98,0,0.51,0,0.56,0,0.83
ZINC000236669732_1,37.06,,,,374.26,0,0.84,0,0.79,1,0.83,1,0.87,240,3,23,5,,1,0.87,0,0.52,0,0.66,0,0.66,1,0.59,0,0.96,0,0.52,0,0.57,0,0.81
ZINC000284841137_1,44.74,,,,386.27,0,0.77,0,0.73,1,0.83,1,0.8,9,1,54.26,6,,1,0.87,1,0.53,0,0.58,0,0.75,1,0.54,0,0.99,0,0.5,0,0.55,0,0.79
ZINC000451465529_1,39.79,,,,353.23,0,0.7,0,0.6,1,0.67,1,0.78,850,4,23,4,,1,0.86,1,0.58,0,0.62,0,0.71,1,0.58,0,0.91,0,0.5,0,0.54,0,0.85
ZINC000477439824_1,39.68,,,,361.21,0,0.71,0,0.63,1,0.74,1,0.82,1000,4,23,5,,1,0.87,1,0.56,0,0.62,0,0.69,1,0.59,0,0.99,1,0.51,0,0.55,0,0.82
ZINC000519619338_1,48.86,,,,405.34,0,0.82,0,0.65,1,0.74,1,0.81,500,4,54.26,5,,1,0.76,1,0.53,0,0.61,0,0.65,1,0.61,0,0.96,1,0.56,0,0.59,0,0.74
ZINC000520206376_1,43.02,,,,391.31,0,0.84,0,0.69,1,0.83,1,0.86,2000,4,54.26,5,,1,0.78,1,0.52,0,0.6,0,0.62,1,0.52,0,0.99,1,0.62,0,0.62,0,0.81
ZINC000533369446_1,46.3,,,,385.28,0,0.85,0,0.68,1,0.75,1,0.81,500,4,54.26,5,,1,0.81,1,0.52,0,0.54,0,0.68,1,0.64,0,0.99,1,0.51,0,0.62,0,0.77
ZINC000580863573_1,54.26,,,,429.33,0,0.74,0,0.65,1,0.86,1,0.81,500,4,67.38,7,,1,0.86,1,0.55,0,0.5,0,0.67,1,0.58,0,0.92,1,0.55,0,0.69,0,0.87
ZINC000640949294_1,41.88,,,,373.27,0,0.89,0,0.78,1,0.87,1,0.8,900,4,54.26,3,,1,0.79,0,0.52,0,0.61,0,0.69,1,0.6,1,0.99,1,0.6,0,0.66,0,0.77
ZINC000823826077_1,55.3,,,,384.27,0,0.82,0,0.72,1,0.79,1,0.75,1500,4,67.38,6,,1,0.79,0,0.55,0,0.68,0,0.59,1,0.54,0,0.75,1,0.61,0,0.57,0,0.81
ZINC000823827184_1,55.05,,,,384.27,0,0.82,0,0.72,1,0.79,1,0.75,1500,4,67.38,6,,1,0.79,0,0.55,0,0.68,0,0.59,1,0.54,0,0.63,1,0.61,0,0.57,0,0.81
ZINC000896953839_1,56.11,,,,360.23,0,0.64,0,0.59,1,0.68,1,0.68,920,4,67.38,5,,1,0.84,1,0.5,0,0.59,0,0.75,0,0.51,0,0.99,0,0.52,1,0.54,0,0.8
ZINC000932374482_1,41.87,,,,386.27,0,0.76,0,0.73,1,0.84,1,0.8,159,3,54.26,6,,1,0.84,1,0.52,0,0.58,0,0.75,1,0.55,0,0.88,0,0.53,0,0.57,0,0.78
ZINC001217741407_1,44.28,,,,407.33,0,0.78,0,0.65,1,0.75,1,0.8,600,4,54.26,4,,1,0.91,1,0.55,0,0.6,0,0.69,1,0.59,0,0.67,0,0.56,0,0.58,0,0.85
ZINC001248718246_1,47.52,,,,350.23,0,0.81,0,0.66,1,0.7,1,0.81,722,4,54.26,2,,1,0.82,1,0.54,0,0.52,0,0.72,1,0.55,0,0.96,0,0.55,0,0.51,0,0.87
ZINC001257366747_1,41.26,,,,415.31,0,0.88,0,0.72,1,0.81,1,0.81,449,4,54.26,4,,1,0.9,1,0.5,0,0.58,0,0.68,1,0.7,0,0.77,0,0.54,0,0.59,0,0.8
ZINC001257372419_1,38.56,,,,415.31,0,0.87,0,0.69,1,0.88,1,0.79,105,3,23,4,,1,0.89,1,0.5,0,0.59,0,0.64,1,0.64,0,0.92,0,0.5,0,0.64,0,0.8
ZINC001257379751_1,41.35,,,,429.33,0,0.86,0,0.72,1,0.85,1,0.83,182,3,54.26,5,,1,0.89,1,0.53,0,0.57,0,0.67,1,0.63,0,0.93,1,0.53,0,0.61,0,0.78
ZINC001588320882_1,52.88,,,,398.3,0,0.83,0,0.69,1,0.72,1,0.77,1500,4,67.38,6,,1,0.82,0,0.51,0,0.67,0,0.67,1,0.62,0,0.65,1,0.53,0,0.59,0,0.8
ZINC001588321543_1,62.5,,,,362.27,0,0.83,0,0.7,1,0.75,1,0.85,496,4,68.07,4,,1,0.81,0,0.52,0,0.66,0,0.61,1,0.63,1,0.81,1,0.54,0,0.54,0,0.78
ZINC001588322160_1,51.65,,,,398.3,0,0.84,0,0.71,1,0.71,1,0.76,270,3,67.38,6,,1,0.83,0,0.52,0,0.67,0,0.65,1,0.6,0,0.58,1,0.54,0,0.58,0,0.82
ZINC001602681992_1,50.54,,,,384.27,0,0.83,0,0.7,1,0.72,1,0.83,1500,4,67.38,5,,1,0.8,0,0.52,0,0.65,0,0.66,1,0.6,0,0.8,1,0.54,0,0.57,0,0.81
ZINC001609018178_1,52.6,,,,384.27,0,0.84,0,0.74,1,0.79,1,0.78,1500,4,67.38,5,,1,0.76,0,0.54,0,0.65,0,0.62,1,0.56,1,0.54,1,0.57,0,0.58,0,0.79
ZINC001609018251_1,48.45,,,,384.27,0,0.82,0,0.68,1,0.73,1,0.84,1500,4,54.26,5,,1,0.79,0,0.51,0,0.65,0,0.65,1,0.62,0,0.64,1,0.52,0,0.58,0,0.8
ZINC000046007741_1,53.99,,,,342.43,0,0.71,1,0.58,1,0.6,1,0.64,2500,5,67.38,8,,1,0.79,0,0.61,1,0.52,0,0.59,0,0.6,0,0.99,0,0.7,0,0.57,0,0.87
ZINC000057024870_1,69.41,,,,379.88,0,0.78,0,0.6,1,0.75,1,0.8,300,3,68.07,9,,1,0.71,0,0.66,1,0.62,0,0.8,1,0.51,0,0.95,0,0.75,0,0.54,0,0.97
ZINC000063779174_1,54.93,,,,340.42,0,0.91,0,0.76,1,0.91,1,0.86,200,3,67.38,4,,1,0.93,0,0.61,1,0.77,0,0.69,0,0.51,1,0.98,0,0.57,0,0.57,0,0.9
ZINC000072418973_1,66.34,,,,364.87,0,0.78,0,0.64,1,0.72,1,0.82,1000,4,68.07,4,,1,0.81,0,0.64,1,0.71,0,0.69,0,0.5,0,0.85,0,0.74,0,0.61,0,0.93
ZINC000097728464_1,70.46,,,,357.45,0,0.8,0,0.65,1,0.74,1,0.74,1500,4,69.26,8,,1,0.89,0,0.54,1,0.7,0,0.68,0,0.55,0,0.88,0,0.8,0,0.52,0,0.97
ZINC000104021936_1,63.13,,,,332.39,0,0.76,0,0.55,1,0.72,1,0.76,1250,4,68.07,7,,1,0.84,0,0.58,1,0.61,0,0.57,0,0.58,0,0.94,0,0.72,0,0.61,0,0.92
ZINC000110621325_1,61.03,,,,302.37,0,0.7,0,0.66,1,0.58,1,0.85,1000,4,68.07,8,,1,0.81,0,0.63,0,0.5,0,0.7,1,0.55,0,0.93,0,0.64,0,0.64,0,0.92
ZINC000121655081_1,51.72,,,,300.35,0,0.82,0,0.59,1,0.66,1,0.7,200,3,67.38,6,,1,0.79,0,0.56,1,0.56,0,0.66,0,0.51,0,0.97,0,0.56,0,0.6,0,0.91
ZINC000130611174_1,68.01,,,,343.42,0,0.82,0,0.63,1,0.73,1,0.74,1000,4,68.07,6,,1,0.9,0,0.6,1,0.67,0,0.67,0,0.52,0,0.96,0,0.82,0,0.58,0,0.97
ZINC000131644072_1,78.6,,,,334.39,0,0.74,0,0.62,1,0.71,1,0.8,193,3,69.26,8,,1,0.85,0,0.6,1,0.65,0,0.77,0,0.51,0,0.93,0,0.76,0,0.52,0,0.96
ZINC000165500068_1,67.39,,,,325.41,0,0.79,0,0.76,1,0.74,1,0.81,200,3,68.07,8,,1,0.83,0,0.68,1,0.65,0,0.71,1,0.5,0,0.9,0,0.76,0,0.66,0,0.84
ZINC000177977648_1,62.51,,,,300.35,0,0.82,0,0.65,1,0.71,1,0.87,350,4,68.07,4,,1,0.89,0,0.53,1,0.7,0,0.55,0,0.52,0,0.97,0,0.66,0,0.58,0,0.93
ZINC000185819743_1,67.95,,,,314.38,0,0.82,0,0.7,1,0.74,1,0.85,1000,4,68.07,7,,1,0.89,0,0.63,1,0.66,0,0.65,0,0.58,0,0.94,0,0.7,0,0.56,0,0.94
ZINC000189775572_1,55.95,,,,365.85,0,0.87,0,0.53,1,0.85,1,0.77,500,4,67.38,6,,1,0.72,0,0.62,1,0.69,0,0.71,1,0.55,0,0.99,0,0.66,0,0.64,0,0.94
ZINC000264720070_1,84.04,,,,359.46,0,0.78,0,0.68,1,0.69,1,0.76,300,3,70.97,10,,1,0.85,0,0.66,1,0.61,0,0.82,0,0.53,0,0.96,0,0.79,0,0.6,0,0.96
ZINC000277843696_1,56.1,,,,313.39,0,0.73,0,0.69,1,0.71,1,0.86,920,4,67.38,8,,1,0.82,1,0.58,1,0.61,0,0.75,1,0.52,0,0.98,1,0.5,0,0.58,0,0.92
ZINC000329563636_1,59.21,,,,357.45,0,0.83,0,0.65,1,0.69,1,0.85,5000,5,67.38,4,,1,0.72,0,0.62,1,0.73,0,0.68,0,0.51,0,0.97,0,0.63,0,0.61,0,0.88
ZINC000331864530_1,79.25,,,,385.5,0,0.83,0,0.74,1,0.56,1,0.77,3300,5,69.26,7,,1,0.77,0,0.64,1,0.57,0,0.76,0,0.5,0,0.97,0,0.84,0,0.6,0,0.94
ZINC000340318430_1,49.57,,,,312.36,0,0.83,0,0.67,1,0.79,1,0.73,316,4,54.26,6,,1,0.84,0,0.54,1,0.62,0,0.73,0,0.56,0,0.99,0,0.73,0,0.56,0,0.95
ZINC000347406171_1,70.58,,,,301.38,0,0.78,0,0.63,1,0.64,1,0.76,920,4,69.26,7,,1,0.82,1,0.55,1,0.56,0,0.77,1,0.54,0,0.99,0,0.57,0,0.55,0,0.91
ZINC000350424698_1,70.58,,,,285.34,0,0.78,0,0.64,1,0.63,1,0.77,920,4,69.26,6,,1,0.85,1,0.62,1,0.56,0,0.78,1,0.58,0,0.99,0,0.53,0,0.53,0,0.9
ZINC000377789340_1,59.43,,,,323.39,0,0.87,0,0.75,1,0.89,1,0.76,590,4,67.38,6,,1,0.94,0,0.55,1,0.71,0,0.7,0,0.5,0,0.98,0,0.74,0,0.58,0,0.85
ZINC000408323117_1,60.85,,,,330.42,0,0.8,0,0.68,1,0.5,1,0.87,1000,4,68.07,3,,1,0.6,0,0.67,1,0.64,0,0.71,0,0.53,0,0.61,0,0.76,0,0.65,0,0.92
ZINC000436837591_1,68.48,,,,330.3,0,0.73,0,0.62,1,0.68,1,0.69,1375,4,68.07,4,,0,0.51,0,0.67,1,0.65,0,0.7,0,0.56,1,0.62,0,0.74,0,0.62,0,0.93
ZINC000450815689_1,71.02,,,,340.42,0,0.75,0,0.62,1,0.63,1,0.84,1500,4,69.26,5,,1,0.58,0,0.68,1,0.72,0,0.66,0,0.59,1,0.72,0,0.67,0,0.62,0,0.91
ZINC000452938250_1,68.93,,,,344.45,0,0.8,0,0.66,1,0.64,1,0.75,1000,4,68.07,8,,1,0.79,0,0.63,1,0.63,0,0.72,1,0.51,0,0.99,0,0.79,0,0.58,0,0.95
ZINC000452977015_1,46.4,,,,382.5,0,0.85,0,0.65,1,0.78,1,0.79,275,3,54.26,8,,1,0.88,1,0.5,1,0.6,0,0.58,1,0.53,0,0.99,0,0.63,0,0.61,0,0.89
ZINC000455401328_1,61.27,,,,359.46,0,0.77,0,0.5,1,0.82,1,0.71,800,4,68.07,8,,1,0.72,0,0.63,1,0.72,0,0.74,0,0.59,0,0.97,0,0.75,0,0.57,0,0.96
ZINC000486906883_1,59.35,,,,400.39,0,0.81,0,0.5,1,0.79,1,0.81,2100,5,67.38,7,,1,0.78,0,0.58,1,0.69,0,0.67,1,0.54,1,0.55,0,0.68,0,0.6,0,0.93
ZINC000524846760_1,56.44,,,,422.52,0,0.81,1,0.5,1,0.78,1,0.81,1500,4,67.38,8,,1,0.79,0,0.57,1,0.73,0,0.66,0,0.5,0,0.94,0,0.71,0,0.58,0,0.93
ZINC000543478179_1,58.53,,,,363.43,0,0.73,0,0.58,1,0.76,1,0.74,10000,6,67.38,8,,1,0.73,0,0.67,1,0.68,0,0.74,1,0.55,0,0.99,0,0.69,0,0.62,0,0.94
ZINC000544534662_1,53.71,,,,359.46,0,0.72,0,0.51,1,0.71,1,0.76,1500,4,67.38,7,,1,0.74,0,0.61,1,0.74,0,0.71,0,0.56,0,0.98,0,0.77,0,0.59,0,0.95
ZINC000544659246_1,63.17,,,,359.46,0,0.79,0,0.67,1,0.75,1,0.76,1000,4,68.07,7,,1,0.76,0,0.64,1,0.61,0,0.74,0,0.51,0,0.93,0,0.77,0,0.61,0,0.95
ZINC000546081951_1,66.86,,,,340.48,0,0.64,0,0.57,0,0.73,1,0.76,2500,5,68.07,8,,1,0.92,0,0.66,1,0.55,0,0.66,0,0.65,0,0.99,0,0.76,0,0.68,0,0.97
ZINC000565758585_1,64.92,,,,371.47,0,0.84,0,0.64,1,0.78,1,0.64,500,4,68.07,6,,1,0.77,0,0.67,1,0.64,0,0.75,0,0.55,0,0.92,0,0.77,0,0.6,0,0.95
ZINC000567302976_1,72.55,,,,314.38,0,0.77,0,0.63,1,0.67,1,0.76,350,4,69.26,6,,1,0.82,0,0.54,1,0.68,0,0.68,0,0.55,0,0.96,0,0.79,0,0.51,0,0.97
ZINC000571139482_1,55.29,,,,357.45,0,0.77,0,0.54,1,0.69,1,0.69,1000,4,67.38,6,,1,0.72,0,0.6,1,0.73,0,0.73,0,0.55,1,0.82,0,0.7,1,0.51,0,0.94
ZINC000584511510_1,55.98,,,,300.35,0,0.86,0,0.64,1,0.77,1,0.81,750,4,67.38,6,,1,0.81,0,0.59,1,0.71,0,0.63,0,0.53,0,0.96,0,0.61,0,0.57,0,0.93
ZINC000604028794_1,81.56,,,,370.37,0,0.73,0,0.64,1,0.69,1,0.77,1160,4,70.97,8,,1,0.86,0,0.63,1,0.67,0,0.76,0,0.51,0,0.75,0,0.78,0,0.53,0,0.94
ZINC000626972039_1,49.73,,,,300.35,0,0.86,0,0.67,1,0.72,1,0.85,1000,4,54.26,5,,1,0.79,0,0.64,1,0.65,0,0.67,0,0.51,0,0.92,0,0.65,0,0.58,0,0.94
ZINC000629445700_1,72.44,,,,323.39,0,0.87,0,0.75,1,0.89,1,0.76,200,3,69.26,6,,1,0.94,0,0.55,1,0.71,0,0.7,0,0.5,0,0.85,0,0.74,0,0.58,0,0.85
ZINC000632924016_1,59.78,,,,323.39,0,0.91,0,0.69,1,0.74,1,0.87,650,4,67.38,5,,1,0.86,0,0.63,1,0.78,0,0.68,1,0.54,1,0.53,1,0.5,0,0.61,0,0.8
ZINC000633318908_1,60.74,,,,323.39,0,0.91,0,0.7,1,0.78,1,0.86,650,4,68.07,5,,1,0.85,0,0.59,1,0.81,0,0.62,1,0.53,0,0.91,0,0.51,0,0.6,0,0.77
ZINC000633574115_1,66.77,,,,337.42,0,0.92,0,0.73,1,0.8,1,0.81,650,4,68.07,6,,1,0.91,0,0.56,1,0.73,0,0.64,1,0.52,0,0.9,0,0.52,0,0.59,0,0.77
ZINC000635821547_1,67.73,,,,367.39,0,0.79,0,0.68,1,0.65,1,0.83,1000,4,68.07,7,,1,0.79,0,0.66,1,0.7,0,0.7,1,0.6,0,0.9,0,0.77,0,0.67,0,0.92
ZINC000651088388_1,57.46,,,,325.41,0,0.9,0,0.69,1,0.85,1,0.82,400,4,67.38,5,,1,0.86,0,0.6,1,0.74,0,0.61,1,0.51,0,0.99,0,0.55,0,0.6,0,0.84
ZINC000652831648_1,61.86,,,,325.41,0,0.91,0,0.8,1,0.89,1,0.82,200,3,68.07,7,,1,0.88,0,0.62,1,0.71,0,0.65,0,0.51,0,0.88,0,0.54,0,0.58,0,0.86
ZINC000652832380_1,72.99,,,,393.28,0,0.79,0,0.68,1,0.68,1,0.75,920,4,69.26,6,,1,0.88,0,0.57,1,0.62,0,0.67,1,0.54,0,0.62,0,0.71,0,0.56,0,0.95
ZINC000652835608_1,80.77,,,,334.39,0,0.77,0,0.68,1,0.74,1,0.7,1160,4,70.97,8,,1,0.89,0,0.62,1,0.62,0,0.67,0,0.5,0,0.95,0,0.77,0,0.57,0,0.91
ZINC000652840969_1,55.32,,,,354.45,0,0.87,0,0.69,1,0.81,1,0.77,1228,4,67.38,7,,1,0.92,1,0.56,1,0.6,0,0.56,1,0.54,0,0.99,0,0.65,0,0.66,0,0.9
ZINC000652843266_1,63.89,,,,325.41,0,0.91,0,0.8,1,0.89,1,0.82,333,4,68.07,7,,1,0.88,0,0.62,1,0.71,0,0.65,0,0.51,0,0.98,0,0.54,0,0.58,0,0.86
ZINC000661273949_1,58.26,,,,357.45,0,0.86,0,0.63,1,0.77,1,0.84,600,4,67.38,4,,1,0.8,0,0.62,1,0.76,0,0.65,0,0.53,0,0.98,0,0.63,0,0.6,0,0.86
ZINC000664846513_1,49.67,,,,355.43,0,0.86,0,0.63,1,0.72,1,0.86,500,4,54.26,4,,1,0.69,0,0.62,1,0.77,0,0.68,0,0.53,1,0.58,0,0.63,0,0.59,0,0.86
ZINC000680742694_1,59.36,,,,285.34,0,0.74,0,0.67,1,0.71,1,0.86,920,4,67.38,6,,1,0.87,1,0.57,1,0.57,0,0.76,1,0.55,0,0.99,1,0.52,0,0.59,0,0.93
ZINC000680746335_1,57.58,,,,285.34,0,0.74,0,0.67,1,0.71,1,0.86,920,4,67.38,6,,1,0.87,1,0.57,1,0.57,0,0.76,1,0.55,0,0.98,1,0.52,0,0.59,0,0.93
ZINC000680769483_1,56.34,,,,299.37,0,0.77,0,0.68,1,0.73,1,0.86,920,4,67.38,6,,1,0.87,1,0.57,1,0.58,0,0.76,1,0.58,0,0.99,1,0.55,0,0.63,0,0.88
ZINC000836001802_1,65.94,,,,347.45,0,0.62,1,0.6,0,0.52,1,0.71,435,4,68.07,9,,1,0.74,0,0.58,0,0.55,0,0.63,1,0.52,0,0.91,0,0.71,0,0.68,0,0.93
ZINC000849704238_1,60.36,,,,291.34,0,0.7,1,0.57,0,0.52,1,0.7,750,4,68.07,5,,1,0.54,0,0.56,1,0.61,0,0.58,0,0.67,1,0.87,0,0.82,0,0.57,0,0.94
ZINC000854756075_1,75.81,,,,339.43,0,0.82,0,0.8,1,0.82,1,0.81,200,3,69.26,7,,1,0.9,0,0.66,1,0.65,0,0.76,1,0.52,0,0.72,0,0.56,0,0.6,0,0.91
ZINC000860103481_1,65.74,,,,337.8,0,0.73,1,0.61,1,0.52,1,0.79,2000,4,68.07,5,,0,0.52,0,0.58,1,0.65,0,0.61,0,0.6,0,0.89,0,0.77,0,0.52,0,0.94
ZINC000868134797_1,59.66,,,,323.39,0,0.9,0,0.75,1,0.74,1,0.88,660,4,67.38,5,,1,0.87,0,0.64,1,0.76,0,0.69,1,0.54,1,0.64,0,0.51,0,0.61,0,0.79
ZINC000868717016_1,59.31,,,,323.39,0,0.91,0,0.7,1,0.78,1,0.86,660,4,67.38,5,,1,0.85,0,0.59,1,0.81,0,0.62,1,0.53,0,0.86,0,0.51,0,0.6,0,0.77
ZINC000869145251_1,60.22,,,,337.42,0,0.91,0,0.77,1,0.79,1,0.82,1011,4,68.07,6,,1,0.91,0,0.57,1,0.72,0,0.65,1,0.52,0,0.85,0,0.53,0,0.59,0,0.77
ZINC000894678555_1,66.98,,,,377.87,0,0.82,0,0.65,1,0.86,1,0.77,800,4,68.07,6,,1,0.66,0,0.69,1,0.7,0,0.72,1,0.52,0,0.83,0,0.71,0,0.57,0,0.96
ZINC001155139806_1,71.28,,,,358.36,0,0.75,0,0.69,1,0.6,1,0.73,1600,4,69.26,5,,1,0.6,0,0.67,1,0.63,0,0.72,0,0.5,0,0.95,0,0.82,0,0.6,0,0.91
ZINC001177687927_1,66.32,,,,358.46,0,0.72,0,0.64,1,0.67,1,0.82,71,1,68.07,9,,1,0.76,0,0.67,1,0.52,0,0.66,0,0.54,0,0.98,0,0.75,0,0.64,0,0.94
ZINC001183439764_1,73.63,,,,344.45,0,0.7,0,0.66,1,0.61,1,0.78,1000,4,69.26,9,,1,0.78,0,0.64,1,0.52,0,0.68,0,0.54,0,0.88,0,0.82,0,0.66,0,0.97
ZINC001185146364_1,70.91,,,,367.87,0,0.62,1,0.58,0,0.53,1,0.7,5000,5,69.26,8,,1,0.76,0,0.54,1,0.53,0,0.68,1,0.55,0,0.99,0,0.74,0,0.58,0,0.88
ZINC001192359857_1,64.29,,,,333.42,0,0.72,1,0.5,1,0.53,1,0.82,1000,4,68.07,7,,1,0.8,0,0.55,1,0.53,0,0.82,0,0.56,0,0.98,0,0.79,0,0.63,0,0.96
ZINC001228784887_1,54.29,,,,417.4,0,0.78,0,0.56,1,0.86,1,0.77,800,4,67.38,7,,1,0.71,0,0.66,1,0.75,0,0.73,1,0.55,0,0.66,0,0.7,0,0.68,0,0.93
ZINC001271344958_1,67.03,,,,398.28,0,0.85,0,0.62,1,0.74,1,0.81,3000,5,68.07,6,,1,0.69,0,0.65,1,0.7,0,0.69,1,0.55,0,0.95,0,0.7,0,0.56,0,0.93
ZINC001271456809_1,71.21,,,,398.28,0,0.85,0,0.62,1,0.74,1,0.81,460,4,69.26,6,,1,0.69,0,0.65,1,0.7,0,0.69,1,0.55,0,0.92,0,0.7,0,0.56,0,0.93
ZINC001296238822_1,41.49,,,,367.49,0,0.89,0,0.64,1,0.75,1,0.83,1000,4,54.26,7,,1,0.91,1,0.51,0,0.51,0,0.62,1,0.67,0,0.56,0,0.57,0,0.57,0,0.87
ZINC001296240089_1,41.93,,,,355.48,0,0.88,0,0.64,1,0.74,1,0.79,397,4,54.26,8,,1,0.87,1,0.51,0,0.51,0,0.67,1,0.67,0,0.69,0,0.54,0,0.56,0,0.87
ZINC001296809397_1,77.35,,,,364.87,0,0.78,0,0.6,1,0.64,1,0.81,1000,4,69.26,4,,1,0.57,0,0.68,1,0.66,0,0.72,1,0.53,0,0.57,0,0.82,0,0.62,0,0.91
ZINC001313975373_1,40.46,,,,353.46,0,0.89,0,0.63,1,0.72,1,0.85,1000,4,54.26,6,,1,0.87,1,0.56,1,0.52,0,0.61,1,0.66,0,0.99,0,0.59,0,0.62,0,0.88
ZINC001344868836_1,63.31,,,,366.84,0,0.78,1,0.53,1,0.79,1,0.8,1000,4,68.07,5,,1,0.8,0,0.58,1,0.59,0,0.76,1,0.51,0,0.84,0,0.73,0,0.6,0,0.95
ZINC001433370437_1,41.83,,,,339.44,0,0.88,0,0.66,1,0.78,1,0.85,1200,4,54.26,6,,1,0.87,1,0.56,1,0.55,0,0.62,1,0.63,0,0.99,0,0.56,0,0.61,0,0.89
ZINC001433370478_1,38.51,,,,329.44,0,0.88,0,0.67,1,0.76,1,0.79,1000,4,23,7,,1,0.89,1,0.53,0,0.51,0,0.66,1,0.67,0,0.86,0,0.58,0,0.57,0,0.86
ZINC001436004151_1,59.4,,,,408.29,0,0.86,0,0.72,1,0.65,1,0.87,3000,5,67.38,4,,1,0.79,0,0.63,1,0.72,0,0.55,1,0.59,1,0.75,0,0.74,0,0.59,0,0.9
ZINC001515952528_1,41.19,,,,341.45,0,0.89,0,0.64,1,0.77,1,0.84,1000,4,54.26,6,,1,0.91,1,0.52,0,0.52,0,0.64,1,0.66,0,0.62,0,0.57,0,0.58,0,0.86
ZINC001519543287_1,44.29,,,,382.5,0,0.89,0,0.76,1,0.83,1,0.88,2800,5,54.26,5,,1,0.86,1,0.56,1,0.54,0,0.62,1,0.63,0,0.95,0,0.59,0,0.7,0,0.87
ZINC001529991046_1,80.25,,,,359.46,0,0.79,0,0.74,1,0.58,1,0.8,880,4,70.97,8,,1,0.77,0,0.66,1,0.65,0,0.79,1,0.51,0,0.99,0,0.84,0,0.64,0,0.94
ZINC001547745984_1,39.34,,,,381.51,0,0.92,0,0.66,1,0.72,1,0.86,1000,4,23,7,,1,0.91,1,0.53,0,0.5,0,0.6,1,0.67,0,0.75,0,0.52,0,0.63,0,0.86
ZINC001553587396_1,73.56,,,,357.45,0,0.81,0,0.74,1,0.63,1,0.81,500,4,69.26,4,,1,0.75,0,0.65,1,0.67,0,0.79,0,0.5,0,0.96,0,0.83,0,0.64,0,0.95
ZINC001637639030_1,61.13,,,,385.38,0,0.74,0,0.58,1,0.68,1,0.72,800,4,68.07,8,,1,0.58,0,0.67,1,0.68,0,0.73,1,0.52,1,0.73,0,0.7,0,0.55,0,0.92
ZINC001650472702_1,52.77,,,,327.38,0,0.79,0,0.52,1,0.84,1,0.72,2500,5,67.38,6,,1,0.82,0,0.59,1,0.65,0,0.75,0,0.62,0,0.63,0,0.74,0,0.55,0,0.89
ZINC001695917563_1,41.39,,,,391.46,0,0.86,0,0.66,1,0.78,1,0.8,500,4,54.26,8,,1,0.82,0,0.5,1,0.55,0,0.65,1,0.74,0,0.97,0,0.55,0,0.59,0,0.82
ZINC001710309968_1,40.57,,,,381.51,0,0.9,0,0.65,1,0.73,1,0.86,1000,4,54.26,8,,1,0.91,1,0.51,1,0.5,0,0.6,1,0.67,0,0.51,0,0.57,0,0.61,0,0.9
ZINC001746475657_1,44.35,,,,355.48,0,0.89,0,0.67,1,0.74,1,0.83,2500,5,54.26,7,,1,0.9,1,0.53,0,0.5,0,0.58,1,0.68,1,0.56,0,0.57,0,0.55,0,0.9
ZINC001767166858_1,40.06,,,,379.45,0,0.86,0,0.67,1,0.82,1,0.79,500,4,54.26,8,,1,0.86,0,0.53,1,0.53,0,0.64,1,0.75,0,0.65,0,0.55,0,0.57,0,0.82
ZINC001767184492_1,42.36,,,,381.51,0,0.89,0,0.65,1,0.72,1,0.85,1000,4,54.26,8,,1,0.91,1,0.52,0,0.5,0,0.61,1,0.67,1,0.58,0,0.58,0,0.61,0,0.88
ZINC001767188896_1,39.28,,,,367.49,0,0.89,0,0.66,1,0.74,1,0.85,2500,5,23,7,,1,0.85,1,0.56,1,0.53,0,0.62,1,0.66,0,0.98,0,0.57,0,0.6,0,0.9
ZINC000360351341_1,52.34,,,,297.78,0,0.76,0,0.65,1,0.82,1,0.78,1190,4,67.38,4,,1,0.9,0,0.51,1,0.61,0,0.71,1,0.6,0,0.72,0,0.67,0,0.75,0,0.83
ZINC001140416597_1,46.95,,,,395.86,0,0.83,1,0.52,1,0.87,1,0.81,1700,4,54.26,5,,1,0.73,0,0.58,0,0.66,0,0.6,1,0.65,0,0.8,0,0.51,0,0.71,0,0.87
ZINC001192508341_1,57.16,,,,326.34,0,0.65,0,0.5,1,0.56,1,0.76,3500,5,67.38,6,,1,0.75,0,0.59,1,0.57,0,0.77,1,0.51,0,0.91,0,0.73,0,0.71,0,0.87
ZINC000292969927_1,59.88,,,,325.35,0,0.82,0,0.8,1,0.75,1,0.73,300,3,67.38,6,,1,0.89,0,0.66,1,0.71,0,0.77,1,0.54,0,0.99,0,0.68,0,0.6,0,0.94
ZINC000374286108_1,58.4,,,,335.83,0,0.88,0,0.71,1,0.8,1,0.77,650,4,67.38,3,,1,0.85,0,0.61,1,0.69,0,0.74,1,0.62,0,0.51,0,0.72,0,0.68,0,0.9
ZINC000485614589_1,80.07,,,,358.47,0,0.66,0,0.73,0,0.52,1,0.7,1000,4,70.97,9,,1,0.89,0,0.68,0,0.5,0,0.66,1,0.62,0,0.93,0,0.79,0,0.67,0,0.93
ZINC000626514229_1,75.13,,,,381.42,0,0.81,0,0.7,1,0.75,1,0.65,525,4,69.26,7,,1,0.86,0,0.66,1,0.68,0,0.7,1,0.53,1,0.77,0,0.78,0,0.63,0,0.94
ZINC000795594282_1,59.85,,,,391.26,0,0.62,1,0.57,0,0.85,0,0.66,5470,6,67.38,8,,1,0.81,1,0.52,0,0.59,0,0.61,0,0.55,0,0.99,0,0.81,0,0.75,0,0.84
ZINC000812670894_1,66.44,,,,358.41,0,0.67,1,0.65,1,0.58,1,0.74,300,3,68.07,6,,1,0.68,0,0.57,1,0.6,0,0.66,1,0.62,0,0.99,0,0.56,0,0.67,0,0.78
ZINC000815499514_1,66.07,,,,360.78,0,0.59,1,0.53,0,0.92,0,0.73,5000,5,68.07,6,,1,0.82,1,0.56,0,0.63,0,0.73,0,0.55,0,0.99,0,0.82,0,0.77,0,0.9
ZINC000881328033_1,37.34,,,,355.45,0,0.85,0,0.58,1,0.66,1,0.85,2000,4,23,5,,1,0.89,0,0.53,1,0.57,0,0.66,1,0.61,0,0.96,0,0.52,0,0.65,0,0.86
ZINC000899211605_1,42.04,,,,338.4,0,0.91,0,0.77,1,0.78,1,0.86,2500,5,54.26,3,,1,0.9,0,0.54,1,0.69,0,0.64,0,0.51,0,0.97,0,0.55,0,0.59,0,0.84
ZINC000933401533_1,42.88,,,,393.41,0,0.9,0,0.83,1,0.86,1,0.92,1000,4,54.26,7,,1,0.87,0,0.52,1,0.71,0,0.64,1,0.64,0,0.94,1,0.51,0,0.57,0,0.84
ZINC000934141726_1,64.95,,,,319.4,0,0.73,1,0.51,0,0.54,1,0.6,2973,5,68.07,6,,1,0.68,0,0.54,1,0.52,0,0.63,0,0.59,0,0.99,0,0.79,0,0.54,0,0.95
ZINC001180489420_1,61.23,,,,375.32,0,0.8,0,0.63,1,0.61,1,0.86,500,4,68.07,3,,1,0.68,0,0.56,1,0.73,0,0.59,0,0.55,0,0.97,0,0.69,0,0.55,0,0.92
ZINC001182785852_1,63.14,,,,300.4,0,0.7,0,0.65,1,0.5,1,0.68,800,4,68.07,4,,1,0.78,0,0.66,1,0.51,0,0.69,1,0.59,0,0.99,0,0.78,0,0.66,0,0.95
ZINC001273398010_1,62.7,,,,365.37,0,0.8,0,0.6,1,0.64,1,0.81,250,3,68.07,5,,1,0.68,0,0.62,1,0.7,0,0.66,1,0.58,0,0.94,0,0.69,0,0.62,0,0.91
ZINC001274662116_1,54.2,,,,370.47,0,0.74,0,0.69,1,0.56,1,0.85,1000,4,67.38,6,,1,0.65,0,0.62,1,0.7,0,0.69,0,0.55,0,0.99,0,0.72,0,0.52,0,0.93
ZINC001275957994_1,60.48,,,,365.37,0,0.82,0,0.53,1,0.67,1,0.76,250,3,68.07,5,,1,0.67,0,0.61,1,0.7,0,0.69,1,0.56,0,0.81,0,0.68,0,0.61,0,0.91
ZINC001842805813_1,68.42,,,,370.37,0,0.75,0,0.66,1,0.56,1,0.77,660,4,68.07,6,,1,0.7,0,0.61,1,0.7,0,0.68,0,0.52,0,0.99,0,0.68,0,0.51,0,0.94
ZINC000527903467_1,54.29,,,,286.33,0,0.73,0,0.63,1,0.62,1,0.69,620,4,67.38,6,,1,0.89,0,0.61,1,0.54,0,0.69,0,0.52,0,0.9,0,0.65,0,0.59,0,0.77
ZINC000836058051_1,51.4,,,,327.37,0,0.56,1,0.62,1,0.68,1,0.73,940,4,67.38,5,,1,0.75,0,0.59,1,0.67,0,0.63,0,0.57,0,0.97,0,0.65,0,0.5,0,0.87
ZINC000939173896_1,45.36,,,,341.4,0,0.81,0,0.69,1,0.68,1,0.82,370,4,54.26,5,,1,0.81,0,0.62,1,0.61,0,0.58,0,0.51,0,0.77,0,0.58,0,0.67,0,0.95
ZINC000965866347_1,58.17,,,,338.4,0,0.76,0,0.66,1,0.61,1,0.81,1000,4,67.38,6,,1,0.83,0,0.59,1,0.63,0,0.63,0,0.56,0,0.98,0,0.59,0,0.6,0,0.95
ZINC000986767070_1,48.17,,,,343.42,0,0.85,0,0.66,1,0.71,1,0.74,200,3,54.26,6,,1,0.76,0,0.64,1,0.66,0,0.73,0,0.52,0,0.99,0,0.73,0,0.6,0,0.9
ZINC000986844564_1,47.46,,,,343.42,0,0.86,0,0.65,1,0.77,1,0.68,3780,5,54.26,6,,1,0.88,0,0.63,1,0.67,0,0.74,1,0.5,0,0.99,0,0.72,0,0.6,0,0.89
ZINC001008808068_1,46.57,,,,354.27,0,0.81,0,0.61,1,0.7,1,0.58,3780,5,54.26,6,,1,0.8,0,0.62,1,0.7,0,0.71,1,0.5,0,0.85,0,0.63,0,0.54,0,0.93
ZINC001016817530_1,53.9,,,,344.38,0,0.77,0,0.53,1,0.66,1,0.65,600,4,67.38,6,,1,0.8,0,0.64,1,0.66,0,0.69,1,0.57,1,0.92,0,0.73,0,0.6,0,0.82
ZINC001016947868_1,52.71,,,,338.4,0,0.72,0,0.63,1,0.63,1,0.79,1860,4,67.38,6,,1,0.79,0,0.58,1,0.58,0,0.59,0,0.53,1,0.62,0,0.55,0,0.63,0,0.9
ZINC001018774277_1,49.81,,,,327.38,0,0.86,0,0.63,1,0.58,1,0.71,2450,5,54.26,4,,1,0.65,0,0.61,1,0.61,0,0.72,1,0.52,0,0.94,0,0.68,0,0.56,0,0.91
ZINC000160978497_1,63.84,,,,326.43,0,0.64,0,0.61,1,0.58,1,0.69,350,4,68.07,5,,1,0.93,0,0.64,1,0.67,0,0.73,1,0.66,0,0.99,0,0.64,0,0.59,0,0.91
ZINC000194851727_1,49.89,,,,280.32,0,0.67,0,0.66,1,0.69,1,0.67,1000,4,54.26,4,,1,0.92,0,0.65,1,0.63,0,0.77,1,0.67,0,0.99,1,0.51,0,0.56,0,0.81
ZINC000270547363_1,62.55,,,,312.29,0,0.75,0,0.69,1,0.7,1,0.84,990,4,68.07,4,,1,0.79,0,0.58,1,0.72,0,0.75,1,0.5,0,0.98,0,0.71,0,0.52,0,0.98
ZINC000278284893_1,55.65,,,,305.37,0,0.81,0,0.83,1,0.73,1,0.79,450,4,67.38,5,,1,0.91,0,0.77,1,0.6,0,0.75,1,0.6,0,0.99,0,0.57,0,0.67,0,0.79
ZINC000330048860_1,66.43,,,,282.34,0,0.65,0,0.68,1,0.61,1,0.7,1000,4,68.07,5,,1,0.92,0,0.54,1,0.6,0,0.74,1,0.52,0,0.99,0,0.54,0,0.59,0,0.94
ZINC000356177604_1,65.38,,,,296.36,0,0.57,0,0.75,1,0.54,1,0.68,560,4,68.07,5,,1,0.95,0,0.62,1,0.56,0,0.75,1,0.57,0,0.98,0,0.59,0,0.63,0,0.93
ZINC000356230410_1,62.99,,,,338.32,0,0.54,0,0.7,1,0.51,1,0.67,560,4,68.07,6,,1,0.95,0,0.61,1,0.57,0,0.75,1,0.56,0,0.99,0,0.66,0,0.54,0,0.92
ZINC000356232138_1,61.7,,,,324.3,0,0.54,0,0.68,1,0.52,1,0.67,560,4,68.07,6,,1,0.94,0,0.61,1,0.56,0,0.76,1,0.53,0,0.99,0,0.61,1,0.5,0,0.94
ZINC000367967684_1,59.29,,,,323.36,0,0.77,0,0.75,1,0.67,1,0.77,200,3,67.38,5,,1,0.87,0,0.56,1,0.62,0,0.73,1,0.76,0,0.99,0,0.68,0,0.62,0,0.79
ZINC000435351830_1,51.72,,,,295.31,0,0.79,0,0.77,1,0.67,1,0.75,1600,4,67.38,5,,1,0.9,0,0.64,1,0.64,0,0.76,1,0.71,0,0.99,0,0.64,0,0.62,0,0.82
ZINC000533259551_1,58.37,,,,310.39,0,0.65,0,0.62,1,0.58,1,0.69,326,4,67.38,4,,1,0.91,0,0.63,1,0.67,0,0.71,1,0.65,0,0.97,0,0.56,0,0.56,0,0.93
ZINC000554489900_1,68.89,,,,298.38,0,0.68,0,0.68,1,0.53,1,0.76,800,4,68.07,4,,1,0.78,0,0.68,1,0.66,0,0.72,1,0.5,0,0.99,0,0.74,1,0.54,0,0.98
ZINC000554551801_1,61.1,,,,284.35,0,0.68,0,0.68,1,0.53,1,0.76,800,4,68.07,3,,1,0.78,0,0.68,1,0.66,0,0.72,1,0.5,0,0.99,0,0.74,1,0.54,0,0.98
ZINC000557141585_1,65.52,,,,305.37,0,0.82,0,0.79,1,0.64,1,0.7,500,4,68.07,6,,1,0.87,0,0.7,1,0.64,0,0.79,1,0.6,0,0.99,0,0.72,0,0.69,0,0.83
ZINC000560333501_1,56.86,,,,298.38,0,0.66,0,0.7,1,0.54,1,0.74,1000,4,67.38,5,,1,0.94,0,0.6,1,0.62,0,0.72,1,0.6,0,0.98,0,0.68,0,0.59,0,0.94
ZINC000583127796_1,67.09,,,,304.41,0,0.81,0,0.84,1,0.62,1,0.89,780,4,68.07,3,,1,0.97,0,0.64,1,0.64,0,0.81,0,0.51,0,0.99,0,0.74,0,0.54,0,0.96
ZINC000603420840_1,54.15,,,,262.31,0,0.91,0,0.87,1,0.67,1,0.7,2000,4,67.38,3,,1,0.8,0,0.7,1,0.64,0,0.85,1,0.61,0,0.99,1,0.54,0,0.63,0,0.8
ZINC000618182290_1,64.26,,,,346.49,0,0.76,0,0.75,1,0.74,1,0.8,1250,4,68.07,6,,1,0.9,0,0.62,1,0.61,0,0.7,0,0.53,0,0.98,0,0.78,0,0.61,0,0.94
ZINC000650601229_1,61.76,,,,340.39,0,0.8,0,0.75,1,0.66,1,0.83,1250,4,68.07,5,,1,0.9,0,0.63,1,0.64,0,0.72,1,0.56,0,0.96,0,0.61,0,0.58,0,0.94
ZINC000766940351_1,51.18,,,,311.3,0,0.78,0,0.78,1,0.68,1,0.7,1600,4,67.38,5,,1,0.89,0,0.68,1,0.62,0,0.79,1,0.52,0,0.99,0,0.72,0,0.56,0,0.89
ZINC000781056905_1,51.26,,,,305.37,0,0.83,0,0.82,1,0.72,1,0.77,1600,4,67.38,5,,1,0.86,0,0.77,1,0.61,0,0.75,1,0.57,0,0.99,0,0.56,0,0.68,0,0.79
ZINC000781062110_1,51.7,,,,291.35,0,0.84,0,0.82,1,0.74,1,0.78,1600,4,67.38,5,,1,0.84,0,0.76,1,0.62,0,0.76,1,0.57,0,0.99,0,0.57,0,0.66,0,0.76
ZINC000782025922_1,54.12,,,,291.35,0,0.82,0,0.8,1,0.69,1,0.76,300,3,67.38,4,,1,0.83,0,0.74,1,0.61,0,0.74,1,0.56,0,0.99,0,0.58,0,0.68,0,0.69
ZINC000826139982_1,59.53,,,,318.32,0,0.77,0,0.66,1,0.66,1,0.74,2450,5,67.38,5,,1,0.91,0,0.56,1,0.6,0,0.73,1,0.5,0,0.96,0,0.63,0,0.55,0,0.94
ZINC000870248439_1,73.29,,,,318.43,0,0.79,0,0.85,1,0.58,1,0.88,955,4,69.26,3,,1,0.97,0,0.66,1,0.61,0,0.8,0,0.5,0,0.99,0,0.74,0,0.58,0,0.97
ZINC000892686007_1,57.63,,,,298.38,0,0.66,0,0.7,1,0.54,1,0.74,1000,4,67.38,5,,1,0.94,0,0.6,1,0.62,0,0.72,1,0.6,0,0.98,0,0.68,0,0.59,0,0.94
ZINC001181803968_1,59.07,,,,291.35,0,0.77,0,0.8,1,0.74,1,0.72,500,4,67.38,4,,1,0.81,0,0.74,1,0.7,0,0.81,1,0.6,0,0.99,0,0.5,0,0.62,0,0.8
ZINC001182341985_1,59.85,,,,305.37,0,0.77,0,0.81,1,0.74,1,0.74,500,4,67.38,5,,1,0.87,0,0.76,1,0.69,0,0.82,1,0.61,0,0.98,0,0.51,0,0.64,0,0.79
ZINC001228612316_1,57.98,,,,268.31,0,0.83,0,0.61,1,0.71,0,0.51,4000,5,67.38,5,,1,0.87,0,0.5,1,0.56,0,0.79,1,0.51,0,0.94,0,0.57,0,0.66,0,0.87
