ZINC_ID,Predicted_LD50_mgkg,Predicted_Toxicity_Class,Average_Similarity_pct,Prediction_Accuracy_pct,MolWeight,LogP,TPSA,HBA,HBD,Rotatable_Bonds,risk_score,risk_band,ld50_class,ld50_band,auto_exclude,auto_exclude_reason,hepatotoxicity_prob,hepatotoxicity_active,cardiotoxicity_prob,cardiotoxicity_active,nephrotoxicity_prob,nephrotoxicity_active,neurotoxicity_prob,neurotoxicity_active,immunotoxicity_prob,immunotoxicity_active,mutagenicity_prob,mutagenicity_active,carcinogenicity_prob,carcinogenicity_active,clinical_toxicity_prob,clinical_toxicity_active,bbb_barrier_prob,bbb_barrier_active,respiratory_toxicity_prob,respiratory_toxicity_active,pxr_prob,pxr_active,sr_mmp_prob,sr_mmp_active
ZINC000170871960_1,920,4,45.4,54.26,379.27,,,3,1,5,1,GREEN (advance),4,moderate,FALSE,,,0,,0,,0,,0,,0,,0,,0,,0,,0,,0,0.52,0,,0
ZINC000173283029_1,850,4,40.74,54.26,375.24,,,2,1,5,1,GREEN (advance),4,moderate,FALSE,,,0,,0,,0,,0,,0,,0,,0,,0,,0,,0,0.53,0,,0
ZINC000236669732_1,240,3,37.06,23,374.26,,,2,1,5,3,YELLOW (proceed with caution; monitoring/backup),3,high,FALSE,,,0,,0,,0,,0,,0,,0,,0,,0,,0,,0,0.59,0,,0
ZINC000284841137_1,9,1,44.74,54.26,386.27,,,3,1,6,10,RED (do not advance without strong justification),1,auto_exclude,FALSE,,,0,,0,,0,,0,,0,,0,,0,,0,,0,,0,0.65,0,,0
ZINC000451465529_1,850,4,39.79,23,353.23,,,2,1,4,1,GREEN (advance),4,moderate,FALSE,,,0,,0,,0,,0,,0,,0,,0,,0,,0,,0,0.52,0,,0
ZINC000477439824_1,1000,4,39.68,23,361.21,,,2,1,5,1,GREEN (advance),4,moderate,FALSE,,,0,,0,,0,,0,,0,,0,,0,,0,,0,,0,0.5,1,,0
ZINC000519619338_1,500,4,48.86,54.26,405.34,,,3,1,5,1,GREEN (advance),4,moderate,FALSE,,,0,,0,,0,,0,,0,,0,,0,,0,,0,,0,0.61,0,,0
ZINC000520206376_1,2000,4,43.02,54.26,391.31,,,3,1,5,1,GREEN (advance),4,moderate,FALSE,,,0,,0,,0,,0,,0,,0,,0,,0,,0,,0,0.73,0,,0
ZINC000533369446_1,500,4,46.3,54.26,385.28,,,3,1,5,1,GREEN (advance),4,moderate,FALSE,,,0,,0,,0,,0,,0,,0,,0,,0,,0,,0,0.56,0,,0
ZINC000580863573_1,500,4,54.26,67.38,429.33,,,4,1,7,1,GREEN (advance),4,moderate,FALSE,,,0,,0,,0,,0,,0,,0,,0,,0,,0,,0,0.69,0,,0
ZINC000640949294_1,900,4,41.88,54.26,373.27,,,3,1,3,1,GREEN (advance),4,moderate,FALSE,,,0,,0,,0,,0,,0,,0,,0,,0,,0,,0,0.67,0,,0
ZINC000823826077_1,1500,4,55.3,67.38,384.27,,,3,1,6,1,GREEN (advance),4,moderate,FALSE,,,0,,0,,0,,0,,0,,0,,0,,0,,0,,0,0.63,0,,0
ZINC000823827184_1,1500,4,55.05,67.38,384.27,,,3,1,6,1,GREEN (advance),4,moderate,FALSE,,,0,,0,,0,,0,,0,,0,,0,,0,,0,,0,0.63,0,,0
ZINC000896953839_1,920,4,56.11,67.38,360.23,,,2,2,5,1.03,GREEN (advance),4,moderate,FALSE,,,0,,0,,0,,0,,0,,0,,0,,0,,0,,0,0.51,1,,0
ZINC000932374482_1,159,3,41.87,54.26,386.27,,,3,1,6,3,YELLOW (proceed with caution; monitoring/backup),3,high,FALSE,,,0,,0,,0,,0,,0,,0,,0,,0,,0,,0,0.65,0,,0
ZINC001217741407_1,600,4,44.28,54.26,407.33,,,3,1,4,1,GREEN (advance),4,moderate,FALSE,,,0,,0,,0,,0,,0,,0,,0,,0,,0,,0,0.51,0,,0
ZINC001248718246_1,722,4,47.52,54.26,350.23,,,3,1,2,1,GREEN (advance),4,moderate,FALSE,,,0,,0,,0,,0,,0,,0,,0,,0,,0,,0,0.55,0,,0
ZINC001257366747_1,449,4,41.26,54.26,415.31,,,3,1,4,1.12,GREEN (advance),4,moderate,FALSE,,,0,,0,,0,,0,,0,,0,,0,,0,,0,,0,0.54,1,,0
ZINC001257372419_1,105,3,38.56,23,415.31,,,3,1,4,3,YELLOW (proceed with caution; monitoring/backup),3,high,FALSE,,,0,,0,,0,,0,,0,,0,,0,,0,,0,,0,0.66,0,,0
ZINC001257379751_1,182,3,41.35,54.26,429.33,,,3,1,5,3,YELLOW (proceed with caution; monitoring/backup),3,high,FALSE,,,0,,0,,0,,0,,0,,0,,0,,0,,0,,0,0.6,0,,0
ZINC001588320882_1,1500,4,52.88,67.38,398.3,,,3,1,6,1,GREEN (advance),4,moderate,FALSE,,,0,,0,,0,,0,,0,,0,,0,,0,,0,,0,0.51,0,,0
ZINC001588321543_1,496,4,62.5,68.07,362.27,,,3,1,4,1,GREEN (advance),4,moderate,FALSE,,,0,,0,,0,,0,,0,,0,,0,,0,,0,,0,0.5,0,,0
ZINC001588322160_1,270,3,51.65,67.38,398.3,,,3,1,6,3,YELLOW (proceed with caution; monitoring/backup),3,high,FALSE,,,0,,0,,0,,0,,0,,0,,0,,0,,0,,0,0.5,0,,0
ZINC001602681992_1,1500,4,50.54,67.38,384.27,,,3,1,5,1,GREEN (advance),4,moderate,FALSE,,,0,,0,,0,,0,,0,,0,,0,,0,,0,,0,0.54,0,,0
ZINC001609018178_1,1500,4,52.6,67.38,384.27,,,3,1,5,1,GREEN (advance),4,moderate,FALSE,,,0,,0,,0,,0,,0,,0,,0,,0,,0,,0,0.68,0,,0
ZINC001609018251_1,1500,4,48.45,54.26,384.27,,,3,1,5,1,GREEN (advance),4,moderate,FALSE,,,0,,0,,0,,0,,0,,0,,0,,0,,0,,0,0.55,0,,0
ZINC000046007741_1,2500,5,53.99,67.38,342.43,,,4,1,8,0.5,GREEN (advance),5,low,FALSE,,,0,,0,,0,,0,,0,,0,,0,,0,,0,,0,0.58,0,,0
ZINC000057024870_1,300,3,69.41,68.07,379.88,,,6,1,9,3,YELLOW (proceed with caution; monitoring/backup),3,high,FALSE,,,0,,0,,0,,0,,0,,0,,0,,0,,0,,0,0.61,0,,0
ZINC000063779174_1,200,3,54.93,67.38,340.42,,,5,1,4,3,YELLOW (proceed with caution; monitoring/backup),3,high,FALSE,,,0,,0,,0,,0,,0,,0,,0,,0,,0,,0,0.71,0,,0
ZINC000072418973_1,1000,4,66.34,68.07,364.87,,,5,1,4,1.15,GREEN (advance),4,moderate,FALSE,,,0,,0,,0,,0,,0,,0,,0,,0,,0,,0,0.55,1,,0
ZINC000097728464_1,1500,4,70.46,69.26,357.45,,,6,1,8,1,GREEN (advance),4,moderate,FALSE,,,0,,0,,0,,0,,0,,0,,0,,0,,0,,0,0.72,0,,0
ZINC000104021936_1,1250,4,63.13,68.07,332.39,,,6,1,7,1,GREEN (advance),4,moderate,FALSE,,,0,,0,,0,,0,,0,,0,,0,,0,,0,,0,0.72,0,,0
ZINC000110621325_1,1000,4,61.03,68.07,302.37,,,4,1,8,1,GREEN (advance),4,moderate,FALSE,,,0,,0,,0,,0,,0,,0,,0,,0,,0,,0,0.59,0,,0
ZINC000121655081_1,200,3,51.72,67.38,300.35,,,4,1,6,3,YELLOW (proceed with caution; monitoring/backup),3,high,FALSE,,,0,,0,,0,,0,,0,,0,,0,,0,,0,,0,0.57,0,,0
ZINC000130611174_1,1000,4,68.01,68.07,343.42,,,6,1,6,1,GREEN (advance),4,moderate,FALSE,,,0,,0,,0,,0,,0,,0,,0,,0,,0,,0,0.74,0,,0
ZINC000131644072_1,193,3,78.6,69.26,334.39,,,5,1,8,3,YELLOW (proceed with caution; monitoring/backup),3,high,FALSE,,,0,,0,,0,,0,,0,,0,,0,,0,,0,,0,0.61,0,,0
ZINC000165500068_1,200,3,67.39,68.07,325.41,,,5,1,8,3,YELLOW (proceed with caution; monitoring/backup),3,high,FALSE,,,0,,0,,0,,0,,0,,0,,0,,0,,0,,0,0.54,0,,0
ZINC000177977648_1,350,4,62.51,68.07,300.35,,,5,1,4,1,GREEN (advance),4,moderate,FALSE,,,0,,0,,0,,0,,0,,0,,0,,0,,0,,0,0.78,0,,0
ZINC000185819743_1,1000,4,67.95,68.07,314.38,,,5,1,7,1,GREEN (advance),4,moderate,FALSE,,,0,,0,,0,,0,,0,,0,,0,,0,,0,,0,0.74,0,,0
ZINC000189775572_1,500,4,55.95,67.38,365.85,,,6,1,6,1.12,GREEN (advance),4,moderate,FALSE,,,0,,0,,0,,0,,0,,0,,0,,0,,0,,0,0.54,1,,0
ZINC000264720070_1,300,3,84.04,70.97,359.46,,,6,1,10,3,YELLOW (proceed with caution; monitoring/backup),3,high,FALSE,,,0,,0,,0,,0,,0,,0,,0,,0,,0,,0,0.67,0,,0
ZINC000277843696_1,920,4,56.1,67.38,313.39,,,4,1,8,1,GREEN (advance),4,moderate,FALSE,,,0,,0,,0,,0,,0,,0,,0,,0,,0,,0,0.74,0,,0
ZINC000329563636_1,5000,5,59.21,67.38,357.45,,,6,1,4,0.5,GREEN (advance),5,low,FALSE,,,0,,0,,0,,0,,0,,0,,0,,0,,0,,0,0.6,0,,0
ZINC000331864530_1,3300,5,79.25,69.26,385.5,,,6,1,7,0.68,GREEN (advance),5,low,FALSE,,,0,,0,,0,,0,,0,,0,,0,,0,,0,,0,0.56,1,,0
ZINC000340318430_1,316,4,49.57,54.26,312.36,,,4,1,6,1,GREEN (advance),4,moderate,FALSE,,,0,,0,,0,,0,,0,,0,,0,,0,,0,,0,0.71,0,,0
ZINC000347406171_1,920,4,70.58,69.26,301.38,,,4,1,7,1,GREEN (advance),4,moderate,FALSE,,,0,,0,,0,,0,,0,,0,,0,,0,,0,,0,0.55,0,,0
ZINC000350424698_1,920,4,70.58,69.26,285.34,,,4,1,6,1.15,GREEN (advance),4,moderate,FALSE,,,0,,0,,0,,0,,0,,0,,0,,0,,0,,0,0.55,1,,0
ZINC000377789340_1,590,4,59.43,67.38,323.39,,,5,1,6,1,GREEN (advance),4,moderate,FALSE,,,0,,0,,0,,0,,0,,0,,0,,0,,0,,0,0.72,0,,0
ZINC000408323117_1,1000,4,60.85,68.07,330.42,,,5,1,3,1,GREEN (advance),4,moderate,FALSE,,,0,,0,,0,,0,,0,,0,,0,,0,,0,,0,0.54,0,,0
ZINC000436837591_1,1375,4,68.48,68.07,330.3,,,5,1,4,1,GREEN (advance),4,moderate,FALSE,,,0,,0,,0,,0,,0,,0,,0,,0,,0,,0,0.51,0,,0
ZINC000450815689_1,1500,4,71.02,69.26,340.42,,,5,1,5,1,GREEN (advance),4,moderate,FALSE,,,0,,0,,0,,0,,0,,0,,0,,0,,0,,0,0.81,0,,0
ZINC000452938250_1,1000,4,68.93,68.07,344.45,,,5,1,8,1.15,GREEN (advance),4,moderate,FALSE,,,0,,0,,0,,0,,0,,0,,0,,0,,0,,0,0.55,1,,0
ZINC000452977015_1,275,3,46.4,54.26,382.5,,,5,1,8,3,YELLOW (proceed with caution; monitoring/backup),3,high,FALSE,,,0,,0,,0,,0,,0,,0,,0,,0,,0,,0,0.6,0,,0
ZINC000455401328_1,800,4,61.27,68.07,359.46,,,6,1,8,1,GREEN (advance),4,moderate,FALSE,,,0,,0,,0,,0,,0,,0,,0,,0,,0,,0,0.72,0,,0
ZINC000486906883_1,2100,5,59.35,67.38,400.39,,,6,1,7,0.62,GREEN (advance),5,low,FALSE,,,0,,0,,0,,0,,0,,0,,0,,0,,0,,0,0.54,1,,0
ZINC000524846760_1,1500,4,56.44,67.38,422.52,,,6,1,8,1,GREEN (advance),4,moderate,FALSE,,,0,,0,,0,,0,,0,,0,,0,,0,,0,,0,0.62,0,,0
ZINC000543478179_1,10000,6,58.53,67.38,363.43,,,6,1,8,0,GREEN (advance),6,none,FALSE,,,0,,0,,0,,0,,0,,0,,0,,0,,0,,0,0.67,0,,0
ZINC000544534662_1,1500,4,53.71,67.38,359.46,,,6,1,7,1,GREEN (advance),4,moderate,FALSE,,,0,,0,,0,,0,,0,,0,,0,,0,,0,,0,0.76,0,,0
ZINC000544659246_1,1000,4,63.17,68.07,359.46,,,6,1,7,1,GREEN (advance),4,moderate,FALSE,,,0,,0,,0,,0,,0,,0,,0,,0,,0,,0,0.62,0,,0
ZINC000546081951_1,2500,5,66.86,68.07,340.48,,,5,1,8,0.71,GREEN (advance),5,low,FALSE,,,0,,0,,0,,0,,0,,0,,0,,0,,0,,0,0.57,1,,0
ZINC000565758585_1,500,4,64.92,68.07,371.47,,,6,1,6,1,GREEN (advance),4,moderate,FALSE,,,0,,0,,0,,0,,0,,0,,0,,0,,0,,0,0.64,0,,0
ZINC000567302976_1,350,4,72.55,69.26,314.38,,,5,1,6,1,GREEN (advance),4,moderate,FALSE,,,0,,0,,0,,0,,0,,0,,0,,0,,0,,0,0.67,0,,0
ZINC000571139482_1,1000,4,55.29,67.38,357.45,,,6,1,6,1,GREEN (advance),4,moderate,FALSE,,,0,,0,,0,,0,,0,,0,,0,,0,,0,,0,0.7,0,,0
ZINC000584511510_1,750,4,55.98,67.38,300.35,,,4,1,6,1,GREEN (advance),4,moderate,FALSE,,,0,,0,,0,,0,,0,,0,,0,,0,,0,,0,0.7,0,,0
ZINC000604028794_1,1160,4,81.56,70.97,370.37,,,5,1,8,1,GREEN (advance),4,moderate,FALSE,,,0,,0,,0,,0,,0,,0,,0,,0,,0,,0,0.59,0,,0
ZINC000626972039_1,1000,4,49.73,54.26,300.35,,,4,1,5,1,GREEN (advance),4,moderate,FALSE,,,0,,0,,0,,0,,0,,0,,0,,0,,0,,0,0.66,0,,0
ZINC000629445700_1,200,3,72.44,69.26,323.39,,,5,1,6,3,YELLOW (proceed with caution; monitoring/backup),3,high,FALSE,,,0,,0,,0,,0,,0,,0,,0,,0,,0,,0,0.72,0,,0
ZINC000632924016_1,650,4,59.78,67.38,323.39,,,5,1,5,1,GREEN (advance),4,moderate,FALSE,,,0,,0,,0,,0,,0,,0,,0,,0,,0,,0,0.5,0,,0
ZINC000633318908_1,650,4,60.74,68.07,323.39,,,5,1,5,1.06,GREEN (advance),4,moderate,FALSE,,,0,,0,,0,,0,,0,,0,,0,,0,,0,,0,0.52,1,,0
ZINC000633574115_1,650,4,66.77,68.07,337.42,,,5,1,6,1,GREEN (advance),4,moderate,FALSE,,,0,,0,,0,,0,,0,,0,,0,,0,,0,,0,0.52,0,,0
ZINC000635821547_1,1000,4,67.73,68.07,367.39,,,6,1,7,1.3,GREEN (advance),4,moderate,FALSE,,,0,,0,,0,,0,,0,,0,,0,,0,,0,,0,0.6,1,,0
ZINC000651088388_1,400,4,57.46,67.38,325.41,,,5,1,5,1,GREEN (advance),4,moderate,FALSE,,,0,,0,,0,,0,,0,,0,,0,,0,,0,,0,0.63,0,,0
ZINC000652831648_1,200,3,61.86,68.07,325.41,,,5,1,7,3,YELLOW (proceed with caution; monitoring/backup),3,high,FALSE,,,0,,0,,0,,0,,0,,0,,0,,0,,0,,0,0.72,0,,0
ZINC000652832380_1,920,4,72.99,69.26,393.28,,,5,1,6,1.09,GREEN (advance),4,moderate,FALSE,,,0,,0,,0,,0,,0,,0,,0,,0,,0,,0,0.53,1,,0
ZINC000652835608_1,1160,4,80.77,70.97,334.39,,,5,1,8,1,GREEN (advance),4,moderate,FALSE,,,0,,0,,0,,0,,0,,0,,0,,0,,0,,0,0.65,0,,0
ZINC000652840969_1,1228,4,55.32,67.38,354.45,,,5,1,7,1,GREEN (advance),4,moderate,FALSE,,,0,,0,,0,,0,,0,,0,,0,,0,,0,,0,0.65,0,,0
ZINC000652843266_1,333,4,63.89,68.07,325.41,,,5,1,7,1,GREEN (advance),4,moderate,FALSE,,,0,,0,,0,,0,,0,,0,,0,,0,,0,,0,0.72,0,,0
ZINC000661273949_1,600,4,58.26,67.38,357.45,,,6,1,4,1,GREEN (advance),4,moderate,FALSE,,,0,,0,,0,,0,,0,,0,,0,,0,,0,,0,0.6,0,,0
ZINC000664846513_1,500,4,49.67,54.26,355.43,,,6,1,4,1,GREEN (advance),4,moderate,FALSE,,,0,,0,,0,,0,,0,,0,,0,,0,,0,,0,0.59,0,,0
ZINC000680742694_1,920,4,59.36,67.38,285.34,,,4,1,6,1,GREEN (advance),4,moderate,FALSE,,,0,,0,,0,,0,,0,,0,,0,,0,,0,,0,0.73,0,,0
ZINC000680746335_1,920,4,57.58,67.38,285.34,,,4,1,6,1,GREEN (advance),4,moderate,FALSE,,,0,,0,,0,,0,,0,,0,,0,,0,,0,,0,0.73,0,,0
ZINC000680769483_1,920,4,56.34,67.38,299.37,,,4,1,6,1,GREEN (advance),4,moderate,FALSE,,,0,,0,,0,,0,,0,,0,,0,,0,,0,,0,0.73,0,,0
ZINC000836001802_1,435,4,65.94,68.07,347.45,,,5,1,9,1,GREEN (advance),4,moderate,FALSE,,,0,,0,,0,,0,,0,,0,,0,,0,,0,,0,0.58,0,,0
ZINC000849704238_1,750,4,60.36,68.07,291.34,,,5,1,5,1,GREEN (advance),4,moderate,FALSE,,,0,,0,,0,,0,,0,,0,,0,,0,,0,,0,0.67,0,,0
ZINC000854756075_1,200,3,75.81,69.26,339.43,,,5,1,7,3,YELLOW (proceed with caution; monitoring/backup),3,high,FALSE,,,0,,0,,0,,0,,0,,0,,0,,0,,0,,0,0.66,0,,0
ZINC000860103481_1,2000,4,65.74,68.07,337.8,,,5,1,5,1.27,GREEN (advance),4,moderate,FALSE,,,0,,0,,0,,0,,0,,0,,0,,0,,0,,0,0.59,1,,0
ZINC000868134797_1,660,4,59.66,67.38,323.39,,,5,1,5,1,GREEN (advance),4,moderate,FALSE,,,0,,0,,0,,0,,0,,0,,0,,0,,0,,0,0.5,1,,0
ZINC000868717016_1,660,4,59.31,67.38,323.39,,,5,1,5,1.06,GREEN (advance),4,moderate,FALSE,,,0,,0,,0,,0,,0,,0,,0,,0,,0,,0,0.52,1,,0
ZINC000869145251_1,1011,4,60.22,68.07,337.42,,,5,1,6,1,GREEN (advance),4,moderate,FALSE,,,0,,0,,0,,0,,0,,0,,0,,0,,0,,0,0.51,0,,0
ZINC000894678555_1,800,4,66.98,68.07,377.87,,,6,1,6,1,GREEN (advance),4,moderate,FALSE,,,0,,0,,0,,0,,0,,0,,0,,0,,0,,0,0.58,0,,0
ZINC001155139806_1,1600,4,71.28,69.26,358.36,,,5,1,5,1.51,GREEN (advance),4,moderate,FALSE,,,0,,0,,0,,0,,0,,0,,0,,0,,0,,0,0.67,1,,0
ZINC001177687927_1,71,1,66.32,68.07,358.46,,,5,1,9,10,RED (do not advance without strong justification),1,auto_exclude,FALSE,,,0,,0,,0,,0,,0,,0,,0,,0,,0,,0,0.54,0,,0
ZINC001183439764_1,1000,4,73.63,69.26,344.45,,,5,1,9,1,GREEN (advance),4,moderate,FALSE,,,0,,0,,0,,0,,0,,0,,0,,0,,0,,0,0.66,0,,0
ZINC001185146364_1,5000,5,70.91,69.26,367.87,,,5,1,8,0.71,GREEN (advance),5,low,FALSE,,,0,,0,,0,,0,,0,,0,,0,,0,,0,,0,0.57,1,,0
ZINC001192359857_1,1000,4,64.29,68.07,333.42,,,5,1,7,1,GREEN (advance),4,moderate,FALSE,,,0,,0,,0,,0,,0,,0,,0,,0,,0,,0,0.56,0,,0
ZINC001228784887_1,800,4,54.29,67.38,417.4,,,6,1,7,1.09,GREEN (advance),4,moderate,FALSE,,,0,,0,,0,,0,,0,,0,,0,,0,,0,,0,0.53,1,,0
ZINC001271344958_1,3000,5,67.03,68.07,398.28,,,6,1,6,0.59,GREEN (advance),5,low,FALSE,,,0,,0,,0,,0,,0,,0,,0,,0,,0,,0,0.53,1,,0
ZINC001271456809_1,460,4,71.21,69.26,398.28,,,6,1,6,1.09,GREEN (advance),4,moderate,FALSE,,,0,,0,,0,,0,,0,,0,,0,,0,,0,,0,0.53,1,,0
ZINC001296238822_1,1000,4,41.49,54.26,367.49,,,5,1,7,1.06,GREEN (advance),4,moderate,FALSE,,,0,,0,,0,,0,,0,,0,,0,,0,,0,,0,0.52,1,,0
ZINC001296240089_1,397,4,41.93,54.26,355.48,,,5,1,8,1.03,GREEN (advance),4,moderate,FALSE,,,0,,0,,0,,0,,0,,0,,0,,0,,0,,0,0.51,1,,0
ZINC001296809397_1,1000,4,77.35,69.26,364.87,,,5,1,4,1.75,GREEN (advance),4,moderate,FALSE,,,0,,0,,0,,0,,0,,0,,0,,0,,0,,0,0.75,1,,0
ZINC001313975373_1,1000,4,40.46,54.26,353.46,,,5,1,6,1,GREEN (advance),4,moderate,FALSE,,,0,,0,,0,,0,,0,,0,,0,,0,,0,,0,0.53,0,,0
ZINC001344868836_1,1000,4,63.31,68.07,366.84,,,6,1,5,1.06,GREEN (advance),4,moderate,FALSE,,,0,,0,,0,,0,,0,,0,,0,,0,,0,,0,0.52,1,,0
ZINC001433370437_1,1200,4,41.83,54.26,339.44,,,5,1,6,1,GREEN (advance),4,moderate,FALSE,,,0,,0,,0,,0,,0,,0,,0,,0,,0,,0,0.57,0,,0
ZINC001433370478_1,1000,4,38.51,23,329.44,,,5,1,7,1,GREEN (advance),4,moderate,FALSE,,,0,,0,,0,,0,,0,,0,,0,,0,,0,,0,0.55,0,,0
ZINC001436004151_1,3000,5,59.4,67.38,408.29,,,6,1,4,0.68,GREEN (advance),5,low,FALSE,,,0,,0,,0,,0,,0,,0,,0,,0,,0,,0,0.56,1,,0
ZINC001515952528_1,1000,4,41.19,54.26,341.45,,,5,1,6,1,GREEN (advance),4,moderate,FALSE,,,0,,0,,0,,0,,0,,0,,0,,0,,0,,0,0.51,0,,0
ZINC001519543287_1,2800,5,44.29,54.26,382.5,,,6,1,5,0.5,GREEN (advance),5,low,FALSE,,,0,,0,,0,,0,,0,,0,,0,,0,,0,,0,0.61,0,,0
ZINC001529991046_1,880,4,80.25,70.97,359.46,,,6,1,8,1.24,GREEN (advance),4,moderate,FALSE,,,0,,0,,0,,0,,0,,0,,0,,0,,0,,0,0.58,1,,0
ZINC001547745984_1,1000,4,39.34,23,381.51,,,5,1,7,1.03,GREEN (advance),4,moderate,FALSE,,,0,,0,,0,,0,,0,,0,,0,,0,,0,,0,0.51,1,,0
ZINC001553587396_1,500,4,73.56,69.26,357.45,,,6,1,4,1.33,GREEN (advance),4,moderate,FALSE,,,0,,0,,0,,0,,0,,0,,0,,0,,0,,0,0.61,1,,0
ZINC001637639030_1,800,4,61.13,68.07,385.38,,,6,1,8,1,GREEN (advance),4,moderate,FALSE,,,0,,0,,0,,0,,0,,0,,0,,0,,0,,0,0.53,0,,0
ZINC001650472702_1,2500,5,52.77,67.38,327.38,,,5,1,6,0.5,GREEN (advance),5,low,FALSE,,,0,,0,,0,,0,,0,,0,,0,,0,,0,,0,0.73,0,,0
ZINC001695917563_1,500,4,41.39,54.26,391.46,,,5,1,8,1,GREEN (advance),4,moderate,FALSE,,,0,,0,,0,,0,,0,,0,,0,,0,,0,,0,0.53,0,,0
ZINC001710309968_1,1000,4,40.57,54.26,381.51,,,5,1,8,1.06,GREEN (advance),4,moderate,FALSE,,,0,,0,,0,,0,,0,,0,,0,,0,,0,,0,0.52,1,,0
ZINC001746475657_1,2500,5,44.35,54.26,355.48,,,5,1,7,0.5,GREEN (advance),5,low,FALSE,,,0,,0,,0,,0,,0,,0,,0,,0,,0,,0,0.55,0,,0
ZINC001767166858_1,500,4,40.06,54.26,379.45,,,5,1,8,1,GREEN (advance),4,moderate,FALSE,,,0,,0,,0,,0,,0,,0,,0,,0,,0,,0,0.52,0,,0
ZINC001767184492_1,1000,4,42.36,54.26,381.51,,,5,1,8,1.09,GREEN (advance),4,moderate,FALSE,,,0,,0,,0,,0,,0,,0,,0,,0,,0,,0,0.53,1,,0
ZINC001767188896_1,2500,5,39.28,23,367.49,,,5,1,7,0.5,GREEN (advance),5,low,FALSE,,,0,,0,,0,,0,,0,,0,,0,,0,,0,,0,0.56,0,,0
ZINC000360351341_1,1190,4,52.34,67.38,297.78,,,5,1,4,1,GREEN (advance),4,moderate,FALSE,,,0,,0,,0,,0,,0,,0,,0,,0,,0,,0,0.57,0,,0
ZINC001140416597_1,1700,4,46.95,54.26,395.86,,,5,1,5,1,GREEN (advance),4,moderate,FALSE,,,0,,0,,0,,0,,0,,0,,0,,0,,0,,0,0.55,0,,0
ZINC001192508341_1,3500,5,57.16,67.38,326.34,,,5,1,6,0.5,GREEN (advance),5,low,FALSE,,,0,,0,,0,,0,,0,,0,,0,,0,,0,,0,0.52,0,,0
ZINC000292969927_1,300,3,59.88,67.38,325.35,,,5,1,6,3.36,YELLOW (proceed with caution; monitoring/backup),3,high,FALSE,,,0,,0,,0,,0,,0,,0,,0,,0,,0,,0,0.62,1,,0
ZINC000374286108_1,650,4,58.4,67.38,335.83,,,5,1,3,1.3,GREEN (advance),4,moderate,FALSE,,,0,,0,,0,,0,,0,,0,,0,,0,,0,,0,0.6,1,,0
ZINC000485614589_1,1000,4,80.07,70.97,358.47,,,5,1,9,1.09,GREEN (advance),4,moderate,FALSE,,,0,,0,,0,,0,,0,,0,,0,,0,,0,,0,0.53,1,,0
ZINC000626514229_1,525,4,75.13,69.26,381.42,,,6,1,7,1.33,GREEN (advance),4,moderate,FALSE,,,0,,0,,0,,0,,0,,0,,0,,0,,0,,0,0.61,1,,0
ZINC000795594282_1,5470,6,59.85,67.38,391.26,,,4,1,8,0,GREEN (advance),6,none,FALSE,,,0,,0,,0,,0,,0,,0,,0,,0,,0,,0,0.54,0,,0
ZINC000812670894_1,300,3,66.44,68.07,358.41,,,4,1,6,3,YELLOW (proceed with caution; monitoring/backup),3,high,FALSE,,,0,,0,,0,,0,,0,,0,,0,,0,,0,,0,0.5,0,,0
ZINC000815499514_1,5000,5,66.07,68.07,360.78,,,4,1,6,0.62,GREEN (advance),5,low,FALSE,,,0,,0,,0,,0,,0,,0,,0,,0,,0,,0,0.54,1,,0
ZINC000881328033_1,2000,4,37.34,23,355.45,,,4,1,5,1,GREEN (advance),4,moderate,FALSE,,,0,,0,,0,,0,,0,,0,,0,,0,,0,,0,0.57,0,,0
ZINC000899211605_1,2500,5,42.04,54.26,338.4,,,4,1,3,0.5,GREEN (advance),5,low,FALSE,,,0,,0,,0,,0,,0,,0,,0,,0,,0,,0,0.54,0,,0
ZINC000933401533_1,1000,4,42.88,54.26,393.41,,,5,1,7,1.39,GREEN (advance),4,moderate,FALSE,,,0,,0,,0,,0,,0,,0,,0,,0,,0,,0,0.63,1,,0
ZINC000934141726_1,2973,5,64.95,68.07,319.4,,,5,1,6,0.65,GREEN (advance),5,low,FALSE,,,0,,0,,0,,0,,0,,0,,0,,0,,0,,0,0.55,1,,0
ZINC001180489420_1,500,4,61.23,68.07,375.32,,,5,1,3,1.42,GREEN (advance),4,moderate,FALSE,,,0,,0,,0,,0,,0,,0,,0,,0,,0,,0,0.64,1,,0
ZINC001182785852_1,800,4,63.14,68.07,300.4,,,4,1,4,1.12,GREEN (advance),4,moderate,FALSE,,,0,,0,,0,,0,,0,,0,,0,,0,,0,,0,0.54,1,,0
ZINC001273398010_1,250,3,62.7,68.07,365.37,,,6,1,5,3.15,YELLOW (proceed with caution; monitoring/backup),3,high,FALSE,,,0,,0,,0,,0,,0,,0,,0,,0,,0,,0,0.55,1,,0
ZINC001274662116_1,1000,4,54.2,67.38,370.47,,,5,1,6,1,GREEN (advance),4,moderate,FALSE,,,0,,0,,0,,0,,0,,0,,0,,0,,0,,0,0.56,0,,0
ZINC001275957994_1,250,3,60.48,68.07,365.37,,,6,1,5,3.18,YELLOW (proceed with caution; monitoring/backup),3,high,FALSE,,,0,,0,,0,,0,,0,,0,,0,,0,,0,,0,0.56,1,,0
ZINC001842805813_1,660,4,68.42,68.07,370.37,,,5,1,6,1.24,GREEN (advance),4,moderate,FALSE,,,0,,0,,0,,0,,0,,0,,0,,0,,0,,0,0.58,1,,0
ZINC000527903467_1,620,4,54.29,67.38,286.33,,,4,1,6,1,GREEN (advance),4,moderate,FALSE,,,0,,0,,0,,0,,0,,0,,0,,0,,0,,0,0.55,0,,0
ZINC000836058051_1,940,4,51.4,67.38,327.37,,,4,1,5,1,GREEN (advance),4,moderate,FALSE,,,0,,0,,0,,0,,0,,0,,0,,0,,0,,0,0.5,0,,0
ZINC000939173896_1,370,4,45.36,54.26,341.4,,,4,1,5,1,GREEN (advance),4,moderate,FALSE,,,0,,0,,0,,0,,0,,0,,0,,0,,0,,0,0.55,0,,0
ZINC000965866347_1,1000,4,58.17,67.38,338.4,,,4,1,6,1,GREEN (advance),4,moderate,FALSE,,,0,,0,,0,,0,,0,,0,,0,,0,,0,,0,0.65,0,,0
ZINC000986767070_1,200,3,48.17,54.26,343.42,,,4,1,6,3.24,YELLOW (proceed with caution; monitoring/backup),3,high,FALSE,,,0,,0,,0,,0,,0,,0,,0,,0,,0,,0,0.58,1,,0
ZINC000986844564_1,3780,5,47.46,54.26,343.42,,,4,1,6,0.53,GREEN (advance),5,low,FALSE,,,0,,0,,0,,0,,0,,0,,0,,0,,0,,0,0.51,1,,0
ZINC001008808068_1,3780,5,46.57,54.26,354.27,,,4,1,6,0.83,GREEN (advance),5,low,FALSE,,,0,,0,,0,,0,,0,,0,,0,,0,,0,,0,0.61,1,,0
ZINC001016817530_1,600,4,53.9,67.38,344.38,,,4,1,6,1,GREEN (advance),4,moderate,FALSE,,,0,,0,,0,,0,,0,,0,,0,,0,,0,,0,0.51,0,,0
ZINC001016947868_1,1860,4,52.71,67.38,338.4,,,4,1,6,1,GREEN (advance),4,moderate,FALSE,,,0,,0,,0,,0,,0,,0,,0,,0,,0,,0,0.58,0,,0
ZINC001018774277_1,2450,5,49.81,54.26,327.38,,,4,1,4,0.8,GREEN (advance),5,low,FALSE,,,0,,0,,0,,0,,0,,0,,0,,0,,0,,0,0.6,1,,0
ZINC000160978497_1,350,4,63.84,68.07,326.43,,,4,1,5,1,GREEN (advance),4,moderate,FALSE,,,0,,0,,0,,0,,0,,0,,0,,0,,0,,0,0.67,0,,0
ZINC000194851727_1,1000,4,49.89,54.26,280.32,,,3,1,4,1,GREEN (advance),4,moderate,FALSE,,,0,,0,,0,,0,,0,,0,,0,,0,,0,,0,0.8,0,,0
ZINC000270547363_1,990,4,62.55,68.07,312.29,,,4,1,4,1.57,GREEN (advance),4,moderate,FALSE,,,0,,0,,0,,0,,0,,0,,0,,0,,0,,0,0.69,1,,0
ZINC000278284893_1,450,4,55.65,67.38,305.37,,,4,1,5,1,GREEN (advance),4,moderate,FALSE,,,0,,0,,0,,0,,0,,0,,0,,0,,0,,0,0.71,0,,0
ZINC000330048860_1,1000,4,66.43,68.07,282.34,,,4,1,5,1,GREEN (advance),4,moderate,FALSE,,,0,,0,,0,,0,,0,,0,,0,,0,,0,,0,0.64,0,,0
ZINC000356177604_1,560,4,65.38,68.07,296.36,,,4,1,5,1,GREEN (advance),4,moderate,FALSE,,,0,,0,,0,,0,,0,,0,,0,,0,,0,,0,0.67,0,,0
ZINC000356230410_1,560,4,62.99,68.07,338.32,,,4,1,6,1,GREEN (advance),4,moderate,FALSE,,,0,,0,,0,,0,,0,,0,,0,,0,,0,,0,0.63,0,,0
ZINC000356232138_1,560,4,61.7,68.07,324.3,,,4,1,6,1,GREEN (advance),4,moderate,FALSE,,,0,,0,,0,,0,,0,,0,,0,,0,,0,,0,0.64,0,,0
ZINC000367967684_1,200,3,59.29,67.38,323.36,,,4,1,5,3.09,YELLOW (proceed with caution; monitoring/backup),3,high,FALSE,,,0,,0,,0,,0,,0,,0,,0,,0,,0,,0,0.53,1,,0
ZINC000435351830_1,1600,4,51.72,67.38,295.31,,,4,1,5,1.27,GREEN (advance),4,moderate,FALSE,,,0,,0,,0,,0,,0,,0,,0,,0,,0,,0,0.59,1,,0
ZINC000533259551_1,326,4,58.37,67.38,310.39,,,4,1,4,1,GREEN (advance),4,moderate,FALSE,,,0,,0,,0,,0,,0,,0,,0,,0,,0,,0,0.61,0,,0
ZINC000554489900_1,800,4,68.89,68.07,298.38,,,4,1,4,1,GREEN (advance),4,moderate,FALSE,,,0,,0,,0,,0,,0,,0,,0,,0,,0,,0,0.52,0,,0
ZINC000554551801_1,800,4,61.1,68.07,284.35,,,4,1,3,1,GREEN (advance),4,moderate,FALSE,,,0,,0,,0,,0,,0,,0,,0,,0,,0,,0,0.52,0,,0
ZINC000557141585_1,500,4,65.52,68.07,305.37,,,4,1,6,1,GREEN (advance),4,moderate,FALSE,,,0,,0,,0,,0,,0,,0,,0,,0,,0,,0,0.57,0,,0
ZINC000560333501_1,1000,4,56.86,67.38,298.38,,,4,1,5,1,GREEN (advance),4,moderate,FALSE,,,0,,0,,0,,0,,0,,0,,0,,0,,0,,0,0.64,0,,0
ZINC000583127796_1,780,4,67.09,68.07,304.41,,,5,1,3,1,GREEN (advance),4,moderate,FALSE,,,0,,0,,0,,0,,0,,0,,0,,0,,0,,0,0.5,1,,0
ZINC000603420840_1,2000,4,54.15,67.38,262.31,,,4,1,3,1,GREEN (advance),4,moderate,FALSE,,,0,,0,,0,,0,,0,,0,,0,,0,,0,,0,0.54,0,,0
ZINC000618182290_1,1250,4,64.26,68.07,346.49,,,5,1,6,1,GREEN (advance),4,moderate,FALSE,,,0,,0,,0,,0,,0,,0,,0,,0,,0,,0,0.61,0,,0
ZINC000650601229_1,1250,4,61.76,68.07,340.39,,,5,1,5,1.48,GREEN (advance),4,moderate,FALSE,,,0,,0,,0,,0,,0,,0,,0,,0,,0,,0,0.66,1,,0
ZINC000766940351_1,1600,4,51.18,67.38,311.3,,,4,1,5,1,GREEN (advance),4,moderate,FALSE,,,0,,0,,0,,0,,0,,0,,0,,0,,0,,0,0.58,0,,0
ZINC000781056905_1,1600,4,51.26,67.38,305.37,,,4,1,5,1,GREEN (advance),4,moderate,FALSE,,,0,,0,,0,,0,,0,,0,,0,,0,,0,,0,0.71,0,,0
ZINC000781062110_1,1600,4,51.7,67.38,291.35,,,4,1,5,1,GREEN (advance),4,moderate,FALSE,,,0,,0,,0,,0,,0,,0,,0,,0,,0,,0,0.71,0,,0
ZINC000782025922_1,300,3,54.12,67.38,291.35,,,4,1,4,3,YELLOW (proceed with caution; monitoring/backup),3,high,FALSE,,,0,,0,,0,,0,,0,,0,,0,,0,,0,,0,0.76,0,,0
ZINC000826139982_1,2450,5,59.53,67.38,318.32,,,5,1,5,0.53,GREEN (advance),5,low,FALSE,,,0,,0,,0,,0,,0,,0,,0,,0,,0,,0,0.51,1,,0
ZINC000870248439_1,955,4,73.29,69.26,318.43,,,5,1,3,1,GREEN (advance),4,moderate,FALSE,,,0,,0,,0,,0,,0,,0,,0,,0,,0,,0,0.53,0,,0
ZINC000892686007_1,1000,4,57.63,67.38,298.38,,,4,1,5,1,GREEN (advance),4,moderate,FALSE,,,0,,0,,0,,0,,0,,0,,0,,0,,0,,0,0.64,0,,0
ZINC001181803968_1,500,4,59.07,67.38,291.35,,,4,1,4,1,GREEN (advance),4,moderate,FALSE,,,0,,0,,0,,0,,0,,0,,0,,0,,0,,0,0.71,0,,0
ZINC001182341985_1,500,4,59.85,67.38,305.37,,,4,1,5,1,GREEN (advance),4,moderate,FALSE,,,0,,0,,0,,0,,0,,0,,0,,0,,0,,0,0.71,0,,0
ZINC001228612316_1,4000,5,57.98,67.38,268.31,,,4,1,5,0.5,GREEN (advance),5,low,FALSE,,,0,,0,,0,,0,,0,,0,,0,,0,,0,,0,0.76,0,,0
